pm2.5,pm10,no,no2,nox,nh3,co,so2,o3,benzene,toluene,aqi,aqi_bucket,year,month,day,day_of_week,week_of_year,pm_ratio,nox_total
313.22,607.98,69.16,36.39,110.59,33.85,15.2,9.25,41.68,14.36,24.86,472.0,Severe,2015,1,1,3,1,0.5143354461558672,105.55
186.18,269.55,62.09,32.87,88.14,31.83,9.54,6.65,29.97,10.55,20.09,454.0,Severe,2015,1,2,4,1,0.6881537608575125,94.96000000000001
87.18,131.9,25.73,30.31,47.95,69.55,10.61,2.65,19.71,3.91,10.23,143.0,Moderate,2015,1,3,5,1,0.6559819413092551,56.04
151.84,241.84,25.01,36.91,48.62,130.36,11.54,4.63,25.36,4.26,9.71,319.0,Very Poor,2015,1,4,6,1,0.6252676659528908,61.92
146.6,219.13,14.01,34.92,38.25,122.88,9.2,3.33,23.2,2.8,6.21,325.0,Very Poor,2015,1,5,0,2,0.6659701085722073,48.93
149.58,252.1,17.21,37.84,42.46,134.97,9.44,3.66,26.83,3.63,7.35,318.0,Very Poor,2015,1,6,1,2,0.5909917028842355,55.050000000000004
217.87,376.51,26.99,40.15,52.41,134.82,9.78,5.82,28.96,4.93,9.42,353.0,Very Poor,2015,1,7,2,2,0.5771237848004027,67.14
229.9,360.95,23.34,43.16,51.21,138.13,11.01,3.31,30.51,5.8,11.4,383.0,Very Poor,2015,1,8,3,2,0.6351706036745407,66.5
201.66,397.43,19.18,38.56,45.6,140.6,11.09,3.48,32.94,5.25,11.12,375.0,Very Poor,2015,1,9,4,2,0.5061365861004442,57.74
221.02,361.74,24.79,46.39,55.19,134.06,9.7,5.91,34.12,4.87,9.44,376.0,Very Poor,2015,1,10,5,2,0.6093069416110714,71.18
205.41,393.2,28.46,47.29,57.88,131.1,10.98,5.54,50.37,5.93,10.59,379.0,Very Poor,2015,1,11,6,2,0.5210806697108067,75.75
212.41,345.63,24.77,44.71,54.66,148.51,9.3,5.17,40.08,6.2,10.68,375.0,Very Poor,2015,1,12,0,3,0.6127859677465886,69.48
197.61,301.04,34.28,45.88,62.95,145.48,11.52,5.95,39.54,5.18,9.5,366.0,Very Poor,2015,1,13,1,3,0.6542510925705205,80.16
164.39,227.38,20.78,41.17,48.09,166.7,10.32,4.85,42.05,4.57,10.72,353.0,Very Poor,2015,1,14,2,3,0.7198090901129696,61.95
166.19,283.93,47.91,56.7,79.73,124.64,10.81,6.94,43.25,6.98,20.55,340.0,Very Poor,2015,1,15,3,3,0.5832660653493841,104.61
174.98,309.99,42.33,49.41,70.6,136.4,11.46,4.69,34.7,7.75,15.83,356.0,Very Poor,2015,1,16,4,3,0.5626547477410849,91.74
196.46,356.2,42.18,53.04,80.18,125.49,8.87,5.13,25.77,9.92,17.59,360.0,Very Poor,2015,1,17,5,3,0.55,95.22
201.51,359.75,45.51,53.77,75.83,120.45,8.99,5.43,23.22,9.0,20.95,370.0,Very Poor,2015,1,18,6,3,0.5585862785862785,99.28
183.35,305.13,27.32,39.88,55.67,148.49,9.02,4.21,25.34,5.57,12.93,362.0,Very Poor,2015,1,19,0,4,0.5989285597621925,67.2
165.63,257.04,16.47,34.23,37.68,146.31,8.03,4.11,22.69,3.42,6.76,340.0,Very Poor,2015,1,20,1,4,0.6418772283366919,50.699999999999996
159.54,235.27,12.27,22.56,33.02,63.23,9.01,7.05,18.56,4.1,8.26,338.0,Very Poor,2015,1,21,2,4,0.6752444237524865,34.83
143.68,183.89,14.75,21.82,34.88,39.65,10.58,8.64,6.94,4.15,9.54,332.0,Very Poor,2015,1,22,3,4,0.7771107144788795,36.57
128.73,136.07,11.99,17.35,29.46,39.98,8.74,6.77,10.91,2.51,7.64,254.0,Poor,2015,1,23,4,4,0.9391551761873494,29.340000000000003
164.98,200.02,10.38,15.77,25.49,38.77,9.39,8.89,9.35,2.6,5.5,324.0,Very Poor,2015,1,24,5,4,0.8207143567804198,26.15
148.59,203.81,11.82,20.83,28.29,45.62,11.44,5.96,16.65,3.37,6.98,333.0,Very Poor,2015,1,25,6,4,0.7255016844880621,32.65
129.34,137.86,12.46,25.66,29.48,60.96,10.19,6.78,18.18,3.0,5.87,292.0,Poor,2015,1,26,0,5,0.9314417398818954,38.120000000000005
154.2,217.2,14.41,30.39,34.63,40.96,10.36,6.42,17.11,3.31,6.31,318.0,Very Poor,2015,1,27,1,5,0.7066911090742438,44.8
134.6,156.9,18.96,28.6,35.57,49.71,10.21,5.21,15.23,3.27,6.86,295.0,Poor,2015,1,28,2,5,0.8524382520582646,47.56
173.13,277.0,23.14,38.34,48.89,62.03,11.74,5.53,16.29,4.02,9.84,327.0,Very Poor,2015,1,29,3,5,0.6227697841726618,61.480000000000004
178.04,272.61,19.8,38.43,44.45,69.78,11.58,6.43,14.91,3.65,6.61,345.0,Very Poor,2015,1,30,4,5,0.6507072109937502,58.230000000000004
158.59,207.06,30.67,41.36,57.77,67.66,8.7,5.03,17.51,4.36,8.98,334.0,Very Poor,2015,1,31,5,5,0.7622320484475632,72.03
211.59,371.05,57.56,58.17,93.17,96.69,13.08,9.9,23.28,6.65,15.45,358.0,Very Poor,2015,2,1,6,5,0.568713882542669,115.73
163.64,219.84,13.7,37.25,39.34,84.49,10.59,5.31,28.38,2.53,4.69,349.0,Very Poor,2015,2,2,0,6,0.7409889512769425,50.95
157.71,194.09,12.28,31.05,34.1,66.38,8.21,5.64,28.56,2.13,4.24,334.0,Very Poor,2015,2,3,1,6,0.8083961248654468,43.33
137.26,147.08,15.21,29.69,36.06,53.28,9.11,5.06,15.07,3.04,6.31,313.0,Very Poor,2015,2,4,2,6,0.9269313884386816,44.900000000000006
131.76,127.42,23.15,36.51,47.4,51.24,8.18,4.85,21.7,4.92,10.17,262.0,Poor,2015,2,5,3,6,1.026008409904999,59.66
151.6,330.99,46.66,67.0,84.76,63.45,5.51,9.13,33.92,9.46,19.7,303.0,Very Poor,2015,2,6,4,6,0.45664026024880267,113.66
160.75,210.52,37.54,57.69,71.68,58.15,10.28,6.91,43.44,5.5,14.95,329.0,Very Poor,2015,2,7,5,6,0.7599754160363086,95.22999999999999
145.34,215.69,30.54,50.39,61.78,66.72,5.39,8.66,30.43,2.42,6.5,323.0,Very Poor,2015,2,8,6,6,0.6707277677788546,80.93
134.67,109.86,19.95,39.18,44.48,74.29,5.11,9.7,20.62,2.59,3.17,266.0,Poor,2015,2,9,0,7,1.214775392386794,59.129999999999995
153.07,218.23,23.41,42.2,48.01,79.54,10.88,5.81,19.02,5.58,7.1,319.0,Very Poor,2015,2,10,1,7,0.6982164849701227,65.61
116.91,316.14,33.79,53.63,64.04,95.13,12.64,7.54,27.17,5.96,5.59,334.0,Very Poor,2015,2,11,2,7,0.3686384562023081,87.42
177.98,394.97,30.48,42.73,58.19,69.47,13.75,9.2,25.58,3.5,7.38,342.0,Very Poor,2015,2,12,3,7,0.4494784958456448,73.21
167.01,328.43,32.23,44.61,55.13,83.96,11.26,7.77,27.62,3.53,7.69,341.0,Very Poor,2015,2,13,4,7,0.5069665786358255,76.84
193.96,412.46,81.47,53.81,107.76,137.27,11.73,9.36,34.22,9.01,17.88,377.0,Very Poor,2015,2,14,5,7,0.46911430368113,135.28
184.06,497.37,44.16,58.15,75.98,61.89,13.78,9.13,40.91,4.79,8.98,391.0,Very Poor,2015,2,15,6,7,0.3693239962277023,102.31
152.62,310.74,24.32,44.22,49.67,74.74,11.55,6.79,34.36,2.84,5.37,358.0,Very Poor,2015,2,16,0,8,0.48957464553794827,68.53999999999999
161.27,195.78,23.71,25.4,42.76,75.66,10.3,5.6,41.62,3.04,5.62,327.0,Very Poor,2015,2,17,1,8,0.8195446691736966,49.11
188.2,253.53,69.2,60.29,104.31,79.83,16.23,8.65,36.54,8.34,16.27,365.0,Very Poor,2015,2,18,2,8,0.7394020351235611,129.49
159.97,193.78,24.53,40.51,47.8,81.44,13.11,5.08,31.88,3.11,6.12,352.0,Very Poor,2015,2,19,3,8,0.8212855529315125,65.03999999999999
144.12,162.2,18.1,34.71,40.32,81.04,11.45,5.93,31.61,2.35,6.76,317.0,Very Poor,2015,2,20,4,8,0.8830882352941177,52.81
155.38,191.03,35.51,45.11,57.91,69.59,14.21,12.24,30.11,4.69,16.48,320.0,Very Poor,2015,2,21,5,8,0.809144404520127,80.62
124.1,107.61,15.38,31.83,32.15,70.25,9.73,5.68,27.19,0.88,3.13,279.0,Poor,2015,2,22,6,8,1.142620384863272,47.21
141.39,157.01,21.95,38.23,42.71,36.38,9.29,9.43,36.86,2.02,11.23,281.0,Poor,2015,2,23,0,9,0.894816783747864,60.17999999999999
170.16,238.33,36.04,48.4,60.78,34.14,14.17,9.28,37.39,4.28,22.47,354.0,Very Poor,2015,2,24,1,9,0.7109848326578364,84.44
148.19,169.57,14.79,29.28,34.14,34.91,14.13,5.94,31.57,2.06,6.92,340.0,Very Poor,2015,2,25,2,9,0.8687928709620684,44.07
140.78,171.64,11.34,20.95,26.65,23.22,13.61,6.98,28.72,1.81,6.96,323.0,Very Poor,2015,2,26,3,9,0.815454124189064,32.29
130.42,163.67,13.85,24.75,31.46,22.36,12.78,12.12,34.08,2.14,8.56,315.0,Very Poor,2015,2,27,4,9,0.7920082589421267,38.6
105.86,169.28,9.21,20.65,25.3,16.49,11.8,12.48,41.38,1.97,7.83,310.0,Very Poor,2015,2,28,5,9,0.621681935635424,29.86
71.83,98.89,8.49,21.42,19.55,12.44,11.62,10.99,22.51,1.38,4.63,324.0,Very Poor,2015,3,1,6,9,0.7190910001001101,29.910000000000004
53.71,60.15,11.02,13.43,20.48,19.11,10.19,3.21,22.08,0.91,3.45,226.0,Poor,2015,3,2,0,10,0.8783319705641864,24.45
83.49,112.1,16.23,23.75,30.88,16.04,11.72,5.07,20.83,2.13,8.11,266.0,Poor,2015,3,3,1,10,0.7381962864721485,39.980000000000004
91.07,139.15,13.71,24.28,28.73,17.44,10.64,4.68,25.83,1.6,8.05,200.0,Moderate,2015,3,4,2,10,0.6498037816625044,37.99
106.57,196.19,25.97,31.12,45.48,28.86,9.36,5.97,32.88,3.27,15.12,275.0,Poor,2015,3,5,3,10,0.5404432273441858,57.09
101.75,163.14,20.56,26.59,34.17,32.04,10.55,5.96,33.67,2.45,9.31,322.0,Very Poor,2015,3,6,4,10,0.6198976483489704,47.15
77.57,90.54,12.07,19.15,24.66,16.83,9.48,5.18,23.09,1.68,6.31,216.0,Poor,2015,3,7,5,10,0.8473891195105964,31.22
63.24,80.2,13.52,20.35,27.44,16.12,8.19,3.98,20.71,1.69,6.09,108.0,Moderate,2015,3,8,6,10,0.7788177339901478,33.870000000000005
76.62,117.38,10.49,18.21,22.84,15.2,9.02,4.2,22.85,1.12,4.32,197.0,Moderate,2015,3,9,0,11,0.6472377090724786,28.700000000000003
86.7,150.92,11.44,18.82,25.78,18.88,7.98,3.84,25.87,1.51,5.62,238.0,Poor,2015,3,10,1,11,0.5706951026856241,30.259999999999998
104.29,176.2,14.94,25.63,32.66,29.48,10.76,6.3,29.62,2.32,7.74,274.0,Poor,2015,3,11,2,11,0.5885440180586908,40.57
115.93,203.75,18.48,32.29,37.84,30.72,11.3,7.03,35.05,2.9,12.42,315.0,Very Poor,2015,3,12,3,11,0.5662026862026862,50.769999999999996
108.66,173.89,15.61,30.75,37.02,23.31,10.23,10.65,34.05,3.41,14.88,307.0,Very Poor,2015,3,13,4,11,0.62130482017268,46.36
67.94,105.29,14.3,29.78,32.1,29.21,9.18,10.14,23.39,2.42,9.14,208.0,Poor,2015,3,14,5,11,0.6391946561294571,44.08
38.89,46.68,9.49,17.76,21.45,30.59,8.23,4.25,22.0,1.03,4.45,165.0,Moderate,2015,3,15,6,11,0.8156459731543624,27.25
45.39,74.14,10.2,17.14,22.27,33.16,7.87,8.8,25.55,1.05,4.83,188.0,Moderate,2015,3,16,0,12,0.6040723981900452,27.34
55.55,104.33,12.18,20.96,25.28,39.8,10.45,7.19,23.11,1.55,6.39,217.0,Poor,2015,3,17,1,12,0.527390107281876,33.14
50.59,95.56,9.32,16.6,21.74,39.16,7.83,3.6,27.5,1.11,4.42,191.0,Moderate,2015,3,18,2,12,0.5239229494614748,25.92
69.51,136.67,14.05,23.77,30.29,36.77,7.89,4.97,27.07,3.23,8.67,240.0,Poor,2015,3,19,3,12,0.5049030289823492,37.82
96.62,168.0,19.15,29.04,37.12,35.07,9.59,6.66,29.01,5.67,17.61,229.0,Poor,2015,3,20,4,12,0.571715976331361,48.19
96.28,172.91,20.18,29.21,37.78,32.01,8.82,7.31,25.97,7.79,16.65,248.0,Poor,2015,3,21,5,12,0.553619688344546,49.39
72.2,122.12,9.39,20.27,23.15,32.52,8.5,4.4,25.48,2.67,6.07,204.0,Poor,2015,3,22,6,12,0.5864197530864198,29.66
78.47,131.42,12.57,23.04,28.5,32.13,8.6,4.07,27.1,5.45,13.55,271.0,Poor,2015,3,23,0,13,0.5925842017822082,35.61
91.87,179.36,21.3,30.01,40.31,31.79,10.1,7.35,34.78,9.72,16.21,290.0,Poor,2015,3,24,1,13,0.5093701485917055,51.31
107.26,201.08,21.52,33.82,42.98,27.92,11.69,11.82,45.78,4.93,11.03,340.0,Very Poor,2015,3,25,2,13,0.5307798891528107,55.34
109.78,217.9,24.1,33.02,44.26,28.0,12.67,9.3,40.0,6.64,10.31,358.0,Very Poor,2015,3,26,3,13,0.5015075376884423,57.120000000000005
62.27,117.81,12.01,24.76,27.71,27.34,9.29,10.91,31.08,4.14,4.26,287.0,Poor,2015,3,27,4,13,0.524114131807087,36.77
102.22,212.96,22.14,29.41,40.44,32.82,10.47,17.16,40.23,3.87,9.33,323.0,Very Poor,2015,3,28,5,13,0.47775285100018694,51.55
104.36,202.01,23.55,33.86,43.2,37.35,14.42,16.92,32.84,3.96,9.87,360.0,Very Poor,2015,3,29,6,13,0.5140633466331708,57.41
44.19,57.0,7.11,17.6,19.91,28.77,9.58,7.75,26.81,1.45,3.4,268.0,Poor,2015,3,30,0,14,0.7618965517241378,24.71
55.66,78.64,10.22,20.13,26.74,30.62,9.56,9.34,34.15,2.01,4.89,283.0,Poor,2015,3,31,1,14,0.6988950276243093,30.35
112.86,167.6,24.6,32.71,45.12,36.05,10.15,19.48,38.45,4.04,9.07,309.0,Very Poor,2015,4,1,2,14,0.6693950177935943,57.31
78.51,112.78,9.82,20.54,27.51,31.04,6.72,14.37,35.54,2.17,4.2,249.0,Poor,2015,4,2,3,14,0.6900158200035156,30.36
66.52,76.05,11.21,18.47,27.79,35.48,8.24,10.62,24.85,2.32,5.02,245.0,Poor,2015,4,3,4,14,0.863335496430889,29.68
62.56,86.11,10.66,24.96,30.36,28.46,5.52,12.94,27.98,2.39,6.04,229.0,Poor,2015,4,4,5,14,0.7181724256686948,35.620000000000005
78.61,145.1,13.0,27.75,39.45,32.3,7.97,16.72,40.79,3.3,8.08,234.0,Poor,2015,4,5,6,14,0.5380561259411363,40.75
119.7,195.47,34.3,32.83,59.96,44.66,11.01,16.63,30.32,5.7,14.32,343.0,Very Poor,2015,4,6,0,15,0.6092533211177279,67.13
66.09,95.81,7.57,24.47,30.04,29.78,7.29,8.34,43.23,1.89,4.65,262.0,Poor,2015,4,7,1,15,0.6826774093585374,32.04
95.34,120.2,11.64,34.72,37.7,24.84,9.28,17.99,61.68,2.72,7.17,308.0,Very Poor,2015,4,8,2,15,0.7866336633663367,46.36
63.57,148.17,11.33,35.15,41.13,30.04,6.57,10.48,35.18,2.45,6.82,293.0,Poor,2015,4,9,3,15,0.42615807467989547,46.48
96.56,203.67,17.46,52.77,62.06,30.32,4.63,15.8,59.88,3.47,9.68,290.0,Poor,2015,4,10,4,15,0.47178384716861294,70.23
131.39,234.65,22.86,59.52,72.68,34.01,5.84,21.5,73.72,4.56,14.16,375.0,Very Poor,2015,4,11,5,15,0.5575641841714406,82.38
75.35,91.73,9.63,45.3,40.75,28.79,7.73,13.08,49.21,1.98,6.71,293.0,Poor,2015,4,12,6,15,0.8125741399762751,54.93
86.49,116.62,14.18,50.3,56.07,38.86,3.67,14.99,62.52,2.5,8.84,247.0,Poor,2015,4,13,0,16,0.7353341268491752,64.47999999999999
77.07,132.68,13.41,42.65,50.06,36.68,6.85,14.04,55.44,2.13,7.25,232.0,Poor,2015,4,14,1,16,0.5765260323159783,56.06
98.79,161.43,18.39,47.41,45.1,34.8,11.65,13.75,31.14,2.4,7.07,316.0,Very Poor,2015,4,15,2,16,0.6082004555808657,65.8
81.81,164.56,18.2,44.06,58.92,37.84,5.94,21.44,59.29,2.64,10.67,295.0,Poor,2015,4,16,3,16,0.49414109688330515,62.260000000000005
65.78,180.67,18.75,40.09,55.98,30.04,7.38,14.34,54.47,3.23,10.23,246.0,Poor,2015,4,17,4,16,0.36208509935597516,58.84
119.82,268.65,26.27,51.11,66.92,28.99,8.21,17.21,65.72,4.32,13.89,378.0,Very Poor,2015,4,18,5,16,0.44435379195253105,77.38
125.53,308.82,32.69,64.73,87.58,34.39,8.84,18.02,65.08,4.88,17.48,406.0,Severe,2015,4,19,6,16,0.40517074430314376,97.42
121.51,336.63,18.14,60.41,68.41,33.63,6.75,20.98,87.04,3.08,10.2,392.0,Very Poor,2015,4,20,0,17,0.35989100494624293,78.55
114.5,327.81,23.52,50.7,63.45,30.3,6.84,19.38,74.49,4.22,13.04,391.0,Very Poor,2015,4,21,1,17,0.34822541893494724,74.22
101.83,279.41,26.26,55.27,72.67,24.36,7.36,19.29,69.41,4.74,14.52,368.0,Very Poor,2015,4,22,2,17,0.3631468207267929,81.53
118.57,273.68,33.93,76.46,96.19,29.32,6.58,21.81,76.14,5.0,18.21,365.0,Very Poor,2015,4,23,3,17,0.43166593854667246,110.38999999999999
143.22,313.53,42.58,88.61,108.55,36.5,6.42,26.89,89.42,5.63,22.15,383.0,Very Poor,2015,4,24,4,17,0.4553460719168283,131.19
106.76,318.88,22.5,58.87,71.34,37.0,6.75,17.56,93.54,3.15,12.73,367.0,Very Poor,2015,4,25,5,17,0.33375015630861576,81.37
65.36,160.3,13.17,31.23,38.68,32.83,8.44,12.67,77.43,1.9,6.65,334.0,Very Poor,2015,4,26,6,17,0.40520768753874764,44.4
67.08,174.5,13.18,35.54,44.09,32.27,4.76,11.92,70.74,1.86,6.09,258.0,Poor,2015,4,27,0,18,0.3822222222222222,48.72
81.37,141.25,11.98,34.88,43.91,29.46,4.67,13.97,70.42,1.66,6.08,234.0,Poor,2015,4,28,1,18,0.5720210896309315,46.86
63.76,131.56,12.09,42.98,51.34,29.93,7.16,13.98,61.86,1.94,7.31,257.0,Poor,2015,4,29,2,18,0.4809897404948702,55.06999999999999
60.56,171.42,12.0,43.9,48.72,29.08,7.33,12.85,60.18,2.03,6.47,259.0,Poor,2015,4,30,3,18,0.35123535552720103,55.9
76.1,192.81,13.14,42.99,52.01,26.55,7.63,13.1,53.16,2.02,9.5,279.0,Poor,2015,5,1,4,18,0.3926525979051648,56.13
72.66,206.1,25.56,62.09,76.22,26.99,9.46,16.16,43.06,3.47,15.83,312.0,Very Poor,2015,5,2,5,18,0.3508450024142926,87.65
121.94,334.02,52.12,83.3,100.84,35.46,11.95,19.43,41.71,6.62,32.11,372.0,Very Poor,2015,5,3,6,18,0.3639782699540326,135.42
108.98,326.71,52.0,85.5,112.64,31.33,8.08,17.53,37.7,6.19,26.87,387.0,Very Poor,2015,5,4,0,19,0.33255012053339844,137.5
145.99,366.85,75.13,107.85,150.76,35.82,6.65,26.0,50.27,7.43,35.57,408.0,Severe,2015,5,5,1,19,0.39687372570341173,182.98
171.33,346.98,53.42,87.88,122.67,39.27,7.1,25.26,92.66,5.92,28.97,398.0,Very Poor,2015,5,6,2,19,0.49235588252198403,141.3
117.76,343.12,19.74,63.18,73.07,35.52,9.64,24.63,75.6,3.99,12.65,403.0,Severe,2015,5,7,3,19,0.34220620713704525,82.92
90.66,305.38,25.55,56.54,73.9,30.52,6.65,20.79,74.84,3.96,8.6,361.0,Very Poor,2015,5,8,4,19,0.2959070435407011,82.09
106.4,285.38,43.33,63.57,96.25,34.25,9.35,18.15,76.38,4.09,11.93,378.0,Very Poor,2015,5,9,5,19,0.3715343250226971,106.9
101.21,283.47,20.83,57.51,65.08,31.32,10.6,16.92,67.97,3.3,10.36,381.0,Very Poor,2015,5,10,6,19,0.35578444124160713,78.34
97.57,336.82,11.91,42.7,48.43,36.11,8.79,15.11,87.93,2.21,5.94,388.0,Very Poor,2015,5,11,0,20,0.28882244982535077,54.61
96.34,293.26,11.54,43.04,48.09,52.21,6.27,10.84,83.43,1.74,5.4,346.0,Very Poor,2015,5,12,1,20,0.32739753959083806,54.58
83.42,174.52,10.5,48.61,45.79,56.95,8.14,9.08,55.62,2.29,7.15,328.0,Very Poor,2015,5,13,2,20,0.4752734731084777,59.11
78.06,196.08,16.38,42.22,53.26,47.74,7.24,10.42,57.1,2.49,7.56,291.0,Poor,2015,5,14,3,20,0.3960828090115689,58.599999999999994
97.87,240.34,27.46,63.55,81.14,44.08,10.81,15.02,77.87,3.2,11.05,396.0,Very Poor,2015,5,15,4,20,0.4055274716168062,91.00999999999999
77.52,186.28,24.05,75.5,91.36,41.94,6.17,15.03,73.24,2.16,5.81,297.0,Poor,2015,5,16,5,20,0.41392567278940623,99.55
97.16,188.39,15.83,57.63,65.15,43.23,8.4,20.15,70.29,1.68,4.74,345.0,Very Poor,2015,5,17,6,20,0.513015470721791,73.46000000000001
66.85,172.35,9.2,47.64,55.88,40.95,7.46,15.04,79.02,1.69,3.99,296.0,Poor,2015,5,18,0,21,0.3856359965387943,56.84
89.85,240.31,16.42,75.47,70.51,40.32,8.04,14.58,79.55,1.82,5.59,319.0,Very Poor,2015,5,19,1,21,0.3723426298122746,91.89
67.41,176.25,21.7,52.69,60.6,42.24,6.11,20.3,57.17,2.01,4.94,282.0,Poor,2015,5,20,2,21,0.38031029619181944,74.39
75.54,335.13,27.16,53.03,63.55,56.95,8.25,14.85,42.61,2.16,5.19,352.0,Very Poor,2015,5,21,3,21,0.22473447773182997,80.19
67.91,235.99,34.97,56.84,77.1,45.91,8.32,14.77,64.34,1.8,3.94,338.0,Very Poor,2015,5,22,4,21,0.28655217519726567,91.81
69.02,313.73,38.94,52.79,75.32,36.5,7.06,10.73,66.63,1.52,3.62,321.0,Very Poor,2015,5,23,5,21,0.21929908175261334,91.72999999999999
79.1,251.52,32.09,56.29,69.04,37.22,8.56,18.96,60.08,7.08,7.12,295.0,Poor,2015,5,24,6,21,0.3132425154443212,88.38
117.27,340.66,51.72,60.65,102.66,40.26,7.66,11.78,95.72,1.69,5.27,344.0,Very Poor,2015,5,25,0,22,0.34323596557981617,112.37
96.09,311.08,24.98,51.77,70.51,33.51,5.25,9.9,79.4,1.59,3.57,337.0,Very Poor,2015,5,26,1,22,0.307901820046142,76.75
84.71,231.35,42.01,70.43,91.54,29.05,8.54,17.48,80.71,2.44,5.37,355.0,Very Poor,2015,5,27,2,22,0.36457929847213255,112.44
182.76,436.17,54.87,72.67,100.54,35.74,6.89,14.33,83.33,2.5,6.62,371.0,Very Poor,2015,5,28,3,22,0.41805247386600175,127.53999999999999
106.61,275.6,37.21,64.94,87.55,41.74,8.48,12.9,76.1,1.94,5.71,414.0,Severe,2015,5,29,4,22,0.3854302241503976,102.15
92.68,239.12,47.05,65.26,103.71,40.66,7.59,17.68,69.95,2.59,7.66,366.0,Very Poor,2015,5,30,5,22,0.3859736798267533,112.31
73.62,236.8,19.04,41.86,52.3,36.27,7.12,13.08,87.47,1.66,3.31,346.0,Very Poor,2015,5,31,6,22,0.3095878889823381,60.9
49.42,175.39,15.74,48.55,61.72,35.12,5.03,9.96,72.89,1.26,3.71,289.0,Poor,2015,6,1,0,23,0.2801746130733035,64.28999999999999
52.51,117.86,18.64,54.29,68.84,46.09,6.67,6.73,56.2,1.51,3.98,297.0,Poor,2015,6,2,1,23,0.44178024566717145,72.93
65.28,137.7,24.46,65.25,91.72,54.47,4.98,6.31,41.92,1.8,5.8,268.0,Poor,2015,6,3,2,23,0.47065609228550837,89.71000000000001
85.45,170.55,15.02,62.38,71.04,57.58,3.83,5.53,63.0,3.19,8.0,259.0,Poor,2015,6,4,3,23,0.49810550859807634,77.4
83.02,241.67,16.05,62.63,52.93,75.0,11.36,4.12,52.03,2.6,7.32,327.0,Very Poor,2015,6,5,4,23,0.34211068529278443,78.68
44.54,119.29,11.64,46.37,46.37,71.88,11.94,7.37,37.09,2.38,6.02,384.0,Very Poor,2015,6,6,5,23,0.3702718430459722,58.01
85.03,186.2,25.76,77.07,91.29,46.57,3.51,9.53,88.63,2.43,6.95,299.0,Poor,2015,6,7,6,23,0.4542200854700855,102.83
137.7,269.3,52.45,109.34,109.95,50.63,1.56,10.44,86.2,2.82,9.42,282.0,Poor,2015,6,8,0,24,0.5094339622641508,161.79000000000002
136.05,393.7,45.61,76.88,83.43,46.56,1.38,8.84,58.0,2.75,6.91,442.0,Severe,2015,6,9,1,24,0.3446921712693185,122.49
63.77,166.31,12.93,31.27,34.21,43.33,2.58,5.91,56.84,1.83,3.83,309.0,Very Poor,2015,6,10,2,24,0.3811487657641504,44.2
115.57,259.73,4.41,32.99,26.63,35.31,1.24,6.02,138.5,1.52,3.79,270.0,Poor,2015,6,11,3,24,0.44325547501246493,37.400000000000006
83.29,180.06,14.51,36.36,37.13,40.11,1.19,5.52,68.6,1.86,4.5,239.0,Poor,2015,6,12,4,24,0.46001325527449466,50.87
73.7,158.24,24.38,52.9,64.56,41.36,1.36,5.34,53.02,1.71,5.25,214.0,Poor,2015,6,13,5,24,0.46282341120321524,77.28
74.56,121.44,15.9,68.76,71.74,56.02,1.35,5.33,60.88,1.63,6.44,166.0,Moderate,2015,6,14,6,24,0.6089513230970272,84.66000000000001
106.11,206.42,17.76,72.79,73.34,60.68,1.62,6.3,86.86,2.8,8.15,234.0,Poor,2015,6,15,0,25,0.5115707260630605,90.55000000000001
132.21,282.05,45.43,81.57,109.14,59.1,1.73,6.16,82.42,4.07,13.65,331.0,Very Poor,2015,6,16,1,25,0.4670906200317965,127.0
123.56,271.79,32.84,70.96,82.45,55.88,1.57,6.95,74.01,3.18,8.21,327.0,Very Poor,2015,6,17,2,25,0.45294915502767696,103.8
132.21,268.84,34.59,94.25,108.25,59.55,1.82,9.31,87.24,3.87,10.16,313.0,Very Poor,2015,6,18,3,25,0.48995701156240745,128.84
110.65,216.46,10.75,65.21,61.04,55.65,1.38,7.8,76.58,2.17,5.76,284.0,Poor,2015,6,19,4,25,0.5088292099696496,75.96
80.31,160.22,5.92,52.7,45.57,48.06,1.29,10.22,69.37,1.17,4.34,239.0,Poor,2015,6,20,5,25,0.4981391886862672,58.620000000000005
59.73,82.7,7.05,50.78,40.03,66.21,1.59,6.11,52.78,1.08,4.73,149.0,Moderate,2015,6,21,6,25,0.7136200716845877,57.83
85.4,139.2,10.93,58.88,56.1,50.28,1.34,6.18,59.49,1.66,7.01,172.0,Moderate,2015,6,22,0,26,0.6091298145506421,69.81
101.99,152.18,18.2,61.18,67.45,51.94,1.41,7.9,77.04,2.42,7.98,226.0,Poor,2015,6,23,1,26,0.6658179919049484,79.38
126.07,214.45,14.98,60.31,86.44,62.47,1.37,8.09,83.13,2.45,7.86,261.0,Poor,2015,6,24,2,26,0.5851473659781852,75.29
37.59,62.38,17.17,44.72,104.26,50.86,1.25,7.67,46.7,1.69,5.27,188.0,Moderate,2015,6,25,3,26,0.5930893026191227,61.89
76.0,182.48,32.6,46.88,101.06,45.56,1.04,6.84,60.99,2.08,6.36,192.0,Moderate,2015,6,26,4,26,0.4142140832788315,79.48
69.46,195.2,19.12,38.55,69.98,42.36,1.01,7.28,53.19,1.39,3.4,207.0,Poor,2015,6,27,5,26,0.354026503567788,57.67
79.84,214.78,20.29,47.19,92.99,41.99,1.13,7.53,58.34,1.4,3.86,219.0,Poor,2015,6,28,6,26,0.37000648808972103,67.47999999999999
48.5,96.78,5.47,38.37,81.25,43.97,1.07,7.74,52.21,0.89,3.04,193.0,Moderate,2015,6,29,0,27,0.4960114542851299,43.839999999999996
53.79,109.92,8.54,46.06,108.22,41.11,1.05,9.15,58.33,1.16,4.92,170.0,Moderate,2015,6,30,1,27,0.48494410385863684,54.6
57.99,135.43,8.88,49.64,103.97,40.5,1.06,8.88,61.42,1.62,6.78,185.0,Moderate,2015,7,1,2,27,0.4250531408048083,58.52
67.12,175.9,12.29,52.45,110.32,39.09,1.12,6.86,61.7,1.61,5.71,220.0,Poor,2015,7,2,3,27,0.3794234030525721,64.74000000000001
65.25,219.31,19.11,37.09,64.79,37.32,0.99,8.91,59.66,1.29,3.34,225.0,Poor,2015,7,3,4,27,0.2961735736008352,56.2
88.75,212.16,20.9,35.54,45.93,61.61,0.98,7.24,56.61,0.85,1.81,250.0,Poor,2015,7,4,5,27,0.4163539125539501,56.44
135.92,435.2,19.63,36.89,49.31,64.99,1.17,6.42,58.36,1.04,2.73,282.0,Poor,2015,7,5,6,27,0.3116001834021091,56.519999999999996
60.27,143.86,15.17,44.07,109.71,38.68,1.1,7.91,58.07,1.08,3.78,298.0,Poor,2015,7,6,0,28,0.41605688250724837,59.24
52.2,78.64,12.97,51.7,109.52,42.09,1.34,7.82,53.72,1.79,6.76,175.0,Moderate,2015,7,7,1,28,0.6554495228528378,64.67
67.92,127.38,11.17,52.69,131.9,42.84,1.17,7.94,53.94,2.24,8.08,217.0,Poor,2015,7,8,2,28,0.5290543698395389,63.86
65.95,128.93,25.82,53.39,152.12,48.61,1.4,7.86,42.58,2.8,9.57,234.0,Poor,2015,7,9,3,28,0.5075810051566227,79.21000000000001
47.68,95.1,26.94,46.71,173.98,53.64,1.26,8.97,35.79,2.24,9.43,188.0,Moderate,2015,7,10,4,28,0.4961498439125911,73.65
29.08,41.31,31.49,51.39,254.8,42.6,7.23,8.61,54.03,2.04,8.46,253.0,Poor,2015,7,11,5,28,0.6873079650200897,82.88
32.29,34.16,12.34,32.77,117.79,48.01,1.27,7.15,40.41,2.18,6.13,198.0,Moderate,2015,7,12,6,28,0.918373151308305,45.11
36.68,54.36,12.21,37.71,105.59,41.83,1.3,8.11,37.7,1.96,6.02,148.0,Moderate,2015,7,13,0,29,0.6625722543352601,49.92
44.48,112.83,13.94,43.46,94.25,49.32,1.3,8.04,46.71,1.88,6.34,141.0,Moderate,2015,7,14,1,29,0.390758148115611,57.4
63.79,243.97,30.37,38.05,89.67,44.18,1.07,9.62,52.2,1.41,4.49,218.0,Poor,2015,7,15,2,29,0.26039923255908887,68.42
77.2,244.69,22.06,36.72,102.35,31.83,1.02,10.29,72.44,1.11,4.61,268.0,Poor,2015,7,16,3,29,0.314217102853189,58.78
77.99,148.95,13.99,42.07,128.36,40.17,1.88,12.46,61.43,1.95,7.66,232.0,Poor,2015,7,17,4,29,0.5201067022340781,56.06
71.11,148.87,24.83,48.79,149.07,42.26,1.84,10.77,56.32,3.78,14.23,204.0,Poor,2015,7,18,5,29,0.4744778808300527,73.62
67.39,144.11,23.65,52.87,155.27,42.68,1.28,10.4,59.05,2.6,10.15,220.0,Poor,2015,7,19,6,29,0.4644063124526221,76.52
49.58,83.22,16.89,62.37,196.68,41.37,1.24,10.17,61.55,1.82,7.33,223.0,Poor,2015,7,20,0,30,0.5886962716694372,79.25999999999999
40.97,78.76,12.25,46.3,151.32,38.36,1.14,12.19,46.98,2.04,8.56,218.0,Poor,2015,7,21,1,30,0.5136659979939819,58.55
38.97,85.89,19.43,41.41,132.19,36.49,2.73,20.43,44.49,5.82,16.67,165.0,Moderate,2015,7,22,2,30,0.44849810104730115,60.839999999999996
34.02,81.25,11.59,39.98,116.55,33.95,2.42,16.71,49.72,7.2,7.77,155.0,Moderate,2015,7,23,3,30,0.4136170212765958,51.56999999999999
46.13,94.49,9.1,43.99,146.4,37.38,0.98,16.01,47.11,1.25,5.68,154.0,Moderate,2015,7,24,4,30,0.48308723426536815,53.09
46.01,97.0,10.2,42.86,141.1,37.05,1.0,15.58,45.9,1.45,5.43,184.0,Moderate,2015,7,25,5,30,0.4694897959183673,53.06
29.81,86.01,8.06,30.66,106.81,33.05,0.81,15.09,40.73,0.87,4.39,150.0,Moderate,2015,7,26,6,30,0.3426042983565107,38.72
22.82,53.28,10.02,33.21,113.43,30.92,0.83,12.69,36.65,0.82,2.92,125.0,Moderate,2015,7,27,0,31,0.420412675018423,43.230000000000004
24.69,51.98,10.03,40.25,127.68,28.99,0.74,7.61,38.49,0.87,2.57,160.0,Moderate,2015,7,28,1,31,0.4660249150622877,50.28
29.04,56.7,12.18,35.69,126.64,28.56,0.66,9.68,35.89,0.94,3.14,142.0,Moderate,2015,7,29,2,31,0.5032928942807625,47.87
25.76,47.91,13.51,32.96,105.81,29.31,1.2,9.49,26.26,0.89,3.24,181.0,Moderate,2015,7,30,3,31,0.5266816601921898,46.47
37.85,122.18,27.39,35.9,119.1,25.17,1.6,9.7,36.57,1.33,4.92,196.0,Moderate,2015,7,31,4,31,0.3072739081019646,63.29
41.32,126.33,29.5,35.14,139.85,23.1,1.08,10.8,41.27,1.41,5.16,181.0,Moderate,2015,8,1,5,31,0.3245111128563575,64.64
47.81,123.24,40.08,37.96,165.43,24.2,0.82,10.27,46.38,1.61,6.87,213.0,Poor,2015,8,2,6,31,0.3848197037990986,78.03999999999999
56.02,154.28,28.95,40.17,129.29,30.76,0.78,8.75,45.97,1.65,6.16,175.0,Moderate,2015,8,3,0,32,0.3607676455435343,69.12
54.46,136.88,19.25,46.74,142.99,31.77,1.21,9.72,56.88,1.66,5.74,184.0,Moderate,2015,8,4,1,32,0.3949811430229185,65.99000000000001
59.13,117.08,25.28,52.78,164.51,37.94,1.67,10.41,54.66,2.33,9.61,228.0,Poor,2015,8,5,2,32,0.5007621951219513,78.06
65.47,126.56,24.45,52.51,205.02,37.79,1.17,10.73,60.57,2.23,10.66,214.0,Poor,2015,8,6,3,32,0.5132486672938225,76.96
64.58,154.92,19.7,48.24,202.11,39.64,1.75,10.22,68.17,2.06,8.98,254.0,Poor,2015,8,7,4,32,0.4141867624422781,67.94
70.05,149.92,21.3,50.51,200.34,43.18,2.26,7.68,62.76,2.31,10.19,258.0,Poor,2015,8,8,5,32,0.4641531937450305,71.81
55.51,105.17,31.18,39.47,167.5,36.5,1.24,5.83,45.4,2.22,9.54,244.0,Poor,2015,8,9,6,32,0.5228407271357257,70.65
82.27,140.54,50.39,45.46,225.79,35.68,1.43,6.9,61.52,2.5,9.99,209.0,Poor,2015,8,10,0,33,0.5812491168574254,95.85
77.04,137.74,31.89,49.43,215.75,41.69,2.11,6.23,62.67,2.94,10.85,283.0,Poor,2015,8,11,1,33,0.5552832636586421,81.32
52.45,87.66,17.96,45.71,138.01,39.85,1.3,6.69,55.37,2.07,6.55,223.0,Poor,2015,8,12,2,33,0.5915858335213174,63.67
61.66,116.55,47.8,52.76,189.02,39.16,1.16,9.82,80.63,3.11,9.53,205.0,Poor,2015,8,13,3,33,0.5245427477669077,100.56
65.67,159.75,25.2,50.96,194.75,38.58,1.52,10.82,69.27,2.58,8.99,252.0,Poor,2015,8,14,4,33,0.4085225505443235,76.16
51.4,91.81,15.68,44.4,157.69,33.42,0.94,10.53,44.93,1.68,5.46,198.0,Moderate,2015,8,15,5,33,0.5538196315052257,60.08
55.71,93.33,37.6,48.39,187.78,33.29,1.06,10.46,44.79,1.96,6.53,197.0,Moderate,2015,8,16,6,33,0.5905862397964593,85.99000000000001
61.84,134.2,28.12,44.41,148.85,29.73,1.09,11.22,45.05,2.09,7.08,184.0,Moderate,2015,8,17,0,34,0.45739644970414206,72.53
60.65,126.2,18.21,56.15,133.24,32.71,1.02,12.39,48.86,2.08,6.64,197.0,Moderate,2015,8,18,1,34,0.4768081761006289,74.36
34.42,124.17,28.15,36.47,119.94,25.85,0.87,9.63,38.86,0.83,4.46,140.0,Moderate,2015,8,19,2,34,0.27498601901414077,64.62
40.83,210.86,32.66,32.0,72.35,20.57,0.78,11.59,42.13,0.7,2.82,232.0,Poor,2015,8,20,3,34,0.19272160860945906,64.66
50.97,214.05,42.48,35.87,84.88,21.67,1.12,12.09,57.47,0.83,5.43,271.0,Poor,2015,8,21,4,34,0.2370146477563357,78.35
46.74,149.06,26.74,40.28,61.52,28.2,0.9,9.56,52.48,2.13,6.5,207.0,Poor,2015,8,22,5,34,0.3114754098360656,67.02
44.67,138.12,21.72,33.76,52.07,33.25,0.78,9.53,33.94,2.26,7.64,127.0,Moderate,2015,8,23,6,34,0.3210897067280046,55.48
37.39,108.4,31.1,44.61,68.41,38.16,0.97,10.67,38.73,1.78,6.41,123.0,Moderate,2015,8,24,0,35,0.34177330895795244,75.71000000000001
52.06,222.39,21.93,39.88,56.22,36.07,0.93,9.12,44.9,1.73,5.34,175.0,Moderate,2015,8,25,1,35,0.23304534670307536,61.81
57.52,236.94,24.24,37.85,55.54,31.88,1.08,9.36,40.43,1.76,5.93,245.0,Poor,2015,8,26,2,35,0.24174161553332774,62.09
61.47,237.68,32.28,40.41,74.7,25.74,1.35,10.59,56.61,2.37,7.75,248.0,Poor,2015,8,27,3,35,0.2575414781297134,72.69
77.76,206.22,12.44,50.74,57.41,32.56,1.64,11.92,64.07,3.01,10.12,247.0,Poor,2015,8,28,4,35,0.3752533539233665,63.18
68.53,260.48,35.03,49.3,91.78,31.16,1.09,11.11,65.56,2.85,8.82,292.0,Poor,2015,8,29,5,35,0.26208505430625667,84.33
57.85,230.76,28.21,39.84,71.42,28.16,1.11,10.39,62.61,2.28,6.71,266.0,Poor,2015,8,30,6,35,0.24961166724197448,68.05000000000001
51.67,220.14,24.52,32.53,57.84,23.0,0.96,12.77,60.73,1.94,6.0,288.0,Poor,2015,8,31,0,36,0.23365288957221672,57.05
73.78,230.34,17.83,27.42,45.7,18.96,1.28,10.45,61.33,2.15,5.67,210.0,Poor,2015,9,1,1,36,0.31892452667070115,45.25
97.63,318.24,31.64,29.16,66.15,18.6,1.14,10.79,72.47,2.86,6.94,298.0,Poor,2015,9,2,2,36,0.3058200726725974,60.8
99.5,278.36,33.04,35.31,67.05,17.86,1.17,9.82,72.94,3.85,10.55,315.0,Very Poor,2015,9,3,3,36,0.35617124856815574,68.35
97.31,284.54,50.0,41.7,90.18,23.02,1.36,14.94,71.5,4.88,18.75,368.0,Very Poor,2015,9,4,4,36,0.340792883659032,91.7
76.43,201.89,24.24,29.5,52.24,26.99,1.38,16.93,56.59,2.89,6.72,266.0,Poor,2015,9,5,5,36,0.3767065897777121,53.739999999999995
61.69,168.63,17.36,27.81,41.56,23.17,1.19,16.71,49.32,2.17,5.08,174.0,Moderate,2015,9,6,6,36,0.36367387844131344,45.17
55.19,179.42,27.91,35.49,61.81,23.76,1.04,12.97,52.24,3.09,7.72,199.0,Moderate,2015,9,7,0,37,0.3058973506263164,63.400000000000006
63.79,219.51,25.93,38.36,60.12,27.35,1.07,10.92,61.95,3.4,9.09,217.0,Poor,2015,9,8,1,37,0.2892839327014648,64.28999999999999
58.48,195.05,20.38,36.2,55.36,22.77,1.02,11.57,68.21,2.97,7.63,238.0,Poor,2015,9,9,2,37,0.29829125223157354,56.58
60.29,184.78,20.95,42.1,59.79,24.07,1.06,11.53,68.49,3.28,8.72,230.0,Poor,2015,9,10,3,37,0.3245236301001184,63.05
67.35,181.99,16.4,46.81,56.83,34.81,1.13,10.98,68.81,3.26,9.36,218.0,Poor,2015,9,11,4,37,0.36805289906552263,63.21
87.55,178.57,20.95,54.45,67.44,46.05,1.22,10.51,69.36,3.63,11.88,226.0,Poor,2015,9,12,5,37,0.4875536002673052,75.4
84.57,171.76,16.76,45.36,54.12,51.19,1.21,9.91,64.05,2.86,9.08,202.0,Poor,2015,9,13,6,37,0.4895230377402176,62.120000000000005
111.58,236.34,22.48,60.71,75.63,43.99,1.51,10.43,79.29,4.26,12.72,274.0,Poor,2015,9,14,0,38,0.47012724361675234,83.19
108.78,217.16,14.94,56.31,63.58,46.66,1.37,10.4,75.63,3.91,19.34,289.0,Poor,2015,9,15,1,38,0.49862486248624865,71.25
91.18,190.99,8.55,46.44,42.94,49.72,1.15,9.27,69.61,2.78,9.65,235.0,Poor,2015,9,16,2,38,0.47492056877962396,54.989999999999995
104.85,250.21,23.06,60.96,73.86,48.13,1.4,11.68,85.86,4.48,13.25,285.0,Poor,2015,9,17,3,38,0.4173798813741491,84.02
56.19,129.11,14.26,43.3,48.2,40.48,1.22,10.85,48.8,3.03,9.92,209.0,Poor,2015,9,18,4,38,0.43186534470832366,57.559999999999995
67.62,125.24,19.82,49.83,58.37,47.21,1.14,9.75,51.78,3.31,12.59,132.0,Moderate,2015,9,19,5,38,0.5356463878326997,69.65
64.38,141.89,20.17,62.73,62.49,39.93,1.1,9.27,58.49,3.04,11.4,179.0,Moderate,2015,9,20,6,38,0.4505563720344321,82.9
45.65,109.7,14.64,62.69,56.18,27.96,1.16,13.55,48.02,2.71,7.95,136.0,Moderate,2015,9,21,0,39,0.4123757904245709,77.33
35.75,70.38,12.73,38.78,41.5,23.06,0.95,11.57,39.83,2.38,6.62,104.0,Moderate,2015,9,22,1,39,0.5008405715886803,51.510000000000005
34.89,101.42,16.55,31.17,43.75,18.66,0.98,12.34,37.26,2.44,6.8,95.0,Satisfactory,2015,9,23,2,39,0.3406561218512009,47.72
63.06,187.9,40.7,39.16,72.85,18.24,1.21,13.26,48.78,3.38,8.95,175.0,Moderate,2015,9,24,3,39,0.33382742191635784,79.86
82.39,222.71,53.19,45.09,89.84,22.95,1.5,11.8,53.1,4.32,12.51,290.0,Poor,2015,9,25,4,39,0.3682893031156408,98.28
88.08,254.8,66.49,45.96,103.63,29.98,1.63,11.17,54.87,5.04,15.68,282.0,Poor,2015,9,26,5,39,0.3443315089913995,112.44999999999999
89.75,252.06,53.0,44.13,92.67,30.43,1.49,9.76,68.69,5.09,14.81,298.0,Poor,2015,9,27,6,39,0.3546589741563266,97.13
69.57,190.18,24.23,43.41,63.74,26.35,1.25,10.38,53.82,3.63,10.87,240.0,Poor,2015,9,28,0,40,0.3638978972695888,67.64
68.34,172.35,22.57,48.19,64.14,25.2,1.16,10.68,54.68,3.93,10.32,188.0,Moderate,2015,9,29,1,40,0.39423132391116245,70.75999999999999
61.08,155.26,17.52,42.91,53.3,21.93,1.1,9.59,52.91,3.64,8.94,187.0,Moderate,2015,9,30,2,40,0.3908869832330731,60.42999999999999
85.7,205.18,33.0,54.68,74.28,22.52,1.49,11.42,60.57,4.79,12.88,230.0,Poor,2015,10,1,3,40,0.4156562227180134,87.68
97.62,220.56,33.74,52.53,73.05,26.24,1.58,9.77,64.01,5.39,12.8,286.0,Poor,2015,10,2,4,40,0.440602996930854,86.27000000000001
103.58,293.23,31.0,54.93,75.48,24.31,1.72,11.41,47.52,5.83,15.27,266.0,Poor,2015,10,3,5,40,0.3520375216667233,85.93
145.97,335.82,62.2,62.84,99.01,34.91,2.26,15.08,44.92,8.8,31.87,369.0,Very Poor,2015,10,4,6,40,0.4333768778576094,125.04
180.52,347.95,80.34,75.42,116.95,36.94,3.15,17.32,45.8,10.88,44.0,375.0,Very Poor,2015,10,5,0,41,0.5173233987677318,155.76
151.57,355.56,71.68,65.07,105.02,41.76,2.19,11.35,42.22,8.42,25.57,411.0,Severe,2015,10,6,1,41,0.4250897464662329,136.75
144.04,305.35,25.78,57.05,78.07,37.01,1.73,11.15,49.32,4.97,12.91,383.0,Very Poor,2015,10,7,2,41,0.4701811653337685,82.83
148.44,291.66,35.13,58.32,80.91,29.59,1.96,12.13,66.62,5.52,14.13,388.0,Very Poor,2015,10,8,3,41,0.5072097314289619,93.45
130.22,284.27,56.83,65.15,105.26,27.47,2.5,15.27,63.16,6.66,23.59,351.0,Very Poor,2015,10,9,4,41,0.4564798261296316,121.98
147.71,287.93,100.27,61.29,117.2,29.69,2.48,13.94,58.24,8.33,33.78,320.0,Very Poor,2015,10,10,5,41,0.5112310940366179,161.56
111.34,246.3,87.94,51.83,116.75,30.83,2.02,12.01,62.02,6.34,27.16,296.0,Poor,2015,10,11,6,41,0.4502224019409624,139.76999999999998
100.7,232.58,74.45,52.92,120.68,33.46,1.98,14.75,65.55,6.67,23.22,312.0,Very Poor,2015,10,12,0,42,0.4311156777121329,127.37
97.67,189.31,25.13,48.92,64.57,35.14,1.89,11.84,73.28,4.2,16.19,260.0,Poor,2015,10,13,1,42,0.5132152803320897,74.05
75.81,155.25,14.33,43.47,53.25,28.75,1.61,10.89,67.89,3.12,11.08,204.0,Poor,2015,10,14,2,42,0.485184,57.8
95.24,199.77,42.32,60.8,100.2,31.11,2.13,10.84,77.91,5.4,20.03,218.0,Poor,2015,10,15,3,42,0.4743736614035961,103.12
148.29,301.61,60.16,68.24,105.17,33.05,2.07,11.98,84.74,7.38,24.65,356.0,Very Poor,2015,10,16,4,42,0.4900366808763755,128.39999999999998
90.66,137.89,38.65,20.29,55.07,6.78,1.62,7.56,44.21,3.83,12.78,388.0,Very Poor,2015,10,17,5,42,0.6527467780257759,58.94
156.71,263.15,27.5,41.09,62.19,21.49,1.63,10.14,71.1,4.64,12.33,298.0,Poor,2015,10,18,6,42,0.5932614045050162,68.59
170.28,312.88,56.52,61.67,97.82,33.27,2.08,16.24,92.96,7.19,24.25,392.0,Very Poor,2015,10,19,0,43,0.5425003185930929,118.19
198.1,336.47,91.29,74.62,155.1,36.75,2.17,16.73,101.74,9.5,38.8,428.0,Severe,2015,10,20,1,43,0.5870151420867039,165.91000000000003
158.04,265.39,23.76,46.9,69.79,37.48,2.98,15.64,79.5,4.73,11.36,384.0,Very Poor,2015,10,21,2,43,0.5932655129697061,70.66
116.98,213.49,24.37,32.96,54.18,22.53,2.6,13.27,48.74,3.61,7.79,292.0,Poor,2015,10,22,3,43,0.5453867313161452,57.33
143.73,289.01,54.93,67.38,104.71,30.27,2.05,21.35,69.55,7.29,17.19,343.0,Very Poor,2015,10,23,4,43,0.49560359987586633,122.31
169.22,341.7,90.18,71.38,122.15,34.26,3.07,18.2,47.92,10.19,29.74,383.0,Very Poor,2015,10,24,5,43,0.49378465129851185,161.56
147.65,281.8,33.05,56.46,81.78,28.26,1.78,13.81,65.83,6.17,28.38,374.0,Very Poor,2015,10,25,6,43,0.5221004243281471,89.50999999999999
101.61,214.37,23.78,47.8,61.15,23.85,1.58,20.57,85.73,4.59,13.39,263.0,Poor,2015,10,26,0,44,0.4717927287923109,71.58
113.2,260.46,30.2,49.25,75.03,26.14,1.74,21.2,63.88,6.18,16.14,334.0,Very Poor,2015,10,27,1,44,0.43295341543639565,79.45
112.89,254.24,32.12,43.78,74.53,22.81,2.07,18.61,71.98,4.85,15.43,333.0,Very Poor,2015,10,28,2,44,0.4422896097790315,75.9
95.72,183.08,25.74,57.74,77.86,25.55,1.89,24.29,73.26,4.13,11.41,262.0,Poor,2015,10,29,3,44,0.5199913081269013,83.48
108.4,156.58,24.98,42.63,55.71,28.72,2.29,18.92,60.56,2.75,7.03,236.0,Poor,2015,10,30,4,44,0.6879045564157887,67.61
245.97,274.06,36.55,35.11,58.72,35.77,1.74,17.66,42.32,1.95,4.3,340.0,Very Poor,2015,10,31,5,44,0.8942412564531375,71.66
277.53,379.38,60.39,60.17,94.74,51.64,2.41,28.58,84.99,5.45,13.75,415.0,Severe,2015,11,1,6,44,0.7296124927703874,120.56
232.4,361.0,67.14,68.4,115.98,42.75,2.05,31.66,136.67,8.28,20.6,420.0,Severe,2015,11,2,0,45,0.6419889502762431,135.54000000000002
244.78,385.66,51.06,82.74,112.71,45.66,2.09,29.19,99.91,6.91,17.35,407.0,Severe,2015,11,3,1,45,0.6330626390110174,133.8
293.49,401.49,105.88,87.47,137.62,56.81,2.54,31.58,114.43,7.99,28.6,454.0,Severe,2015,11,4,2,45,0.7291858182811995,193.35
161.78,234.94,44.61,63.78,97.34,45.99,1.76,21.21,75.71,4.34,18.32,388.0,Very Poor,2015,11,5,3,45,0.6856828007120455,108.39
153.33,260.04,35.14,58.13,86.38,46.52,2.56,20.9,69.95,4.37,13.52,276.0,Poor,2015,11,6,4,45,0.5873812442537543,93.27000000000001
353.86,496.61,42.74,86.59,117.97,67.43,2.76,19.96,107.69,7.34,16.38,483.0,Severe,2015,11,7,5,45,0.7111191495347763,129.33
217.55,356.92,32.59,75.98,98.5,49.64,2.84,31.77,103.4,4.83,9.61,451.0,Severe,2015,11,8,6,45,0.607817389360751,108.57000000000001
201.44,364.2,88.69,79.2,134.41,55.64,2.01,40.75,108.12,7.16,21.36,378.0,Very Poor,2015,11,9,0,46,0.5515881708652793,167.89
249.95,452.96,88.06,84.89,150.79,69.34,2.64,33.72,115.45,8.75,21.95,439.0,Severe,2015,11,10,1,46,0.5505991717331924,172.95
219.68,408.52,24.64,55.72,71.78,48.34,1.5,25.96,89.58,3.82,8.83,431.0,Severe,2015,11,11,2,46,0.5364328970502051,80.36
258.48,398.16,30.46,54.69,81.68,47.57,1.84,28.58,75.26,3.64,6.94,421.0,Severe,2015,11,12,3,46,0.647559875739052,85.15
291.66,469.38,27.58,61.66,84.27,50.58,1.75,21.15,101.14,4.46,10.11,454.0,Severe,2015,11,13,4,46,0.6200518729537821,89.24
221.68,377.4,19.84,60.05,69.37,48.04,1.72,21.27,90.08,3.98,10.55,450.0,Severe,2015,11,14,5,46,0.5858350951374208,79.89
214.24,342.13,49.66,83.62,95.98,49.4,2.1,22.68,101.15,5.57,17.11,367.0,Very Poor,2015,11,15,6,46,0.6243697723894734,133.28
184.02,323.56,81.18,85.03,129.22,60.07,2.26,21.27,94.79,5.86,20.12,383.0,Very Poor,2015,11,16,0,47,0.5669829923588859,166.21
136.22,280.47,44.56,57.11,77.4,41.89,2.1,17.53,71.44,2.86,8.42,347.0,Very Poor,2015,11,17,1,47,0.4839592141258393,101.67
188.09,367.46,74.07,74.39,118.88,45.24,2.3,21.78,86.88,5.15,15.24,369.0,Very Poor,2015,11,18,2,47,0.5104760353905444,148.45999999999998
238.69,397.16,106.26,96.62,150.98,55.18,2.87,25.59,101.68,7.31,22.27,392.0,Very Poor,2015,11,19,3,47,0.5994826200522403,202.88
271.42,470.08,139.98,101.44,164.44,64.78,3.28,26.81,124.74,9.41,35.26,455.0,Severe,2015,11,20,4,47,0.5761654071495288,241.42
293.73,467.32,102.06,97.76,144.12,63.08,2.96,23.06,114.3,9.99,30.62,450.0,Severe,2015,11,21,5,47,0.6271993508711993,199.82
247.27,450.96,101.94,92.32,146.25,63.4,2.73,20.77,116.29,7.9,23.75,478.0,Severe,2015,11,22,6,47,0.5471059385786353,194.26
266.95,419.98,123.99,105.29,164.08,74.83,3.49,24.92,132.26,9.04,29.47,431.0,Severe,2015,11,23,0,48,0.6341156349470283,229.28
241.61,424.09,115.23,88.74,165.41,67.9,2.6,19.65,113.35,9.14,27.7,440.0,Severe,2015,11,24,1,48,0.5683737561457575,203.97
149.14,312.85,33.11,54.63,83.28,35.62,1.98,15.97,81.11,3.31,9.24,376.0,Very Poor,2015,11,25,2,48,0.47519515692209646,87.74000000000001
182.5,317.46,91.98,69.29,144.14,40.68,1.84,21.35,93.71,4.48,12.18,347.0,Very Poor,2015,11,26,3,48,0.5730704013062865,161.27
193.58,343.26,60.96,71.35,121.32,57.48,1.71,19.49,90.46,4.05,12.37,343.0,Very Poor,2015,11,27,4,48,0.5623075582408645,132.31
172.89,294.29,32.3,47.21,73.76,60.1,1.43,17.09,70.51,2.54,6.88,362.0,Very Poor,2015,11,28,5,48,0.5854922279792745,79.50999999999999
190.46,342.59,64.72,51.84,99.82,59.13,1.88,20.73,67.97,3.2,10.58,319.0,Very Poor,2015,11,29,6,48,0.5543234669227859,116.56
282.76,419.33,116.54,78.48,159.5,73.94,2.51,24.51,131.34,6.23,20.23,425.0,Severe,2015,11,30,0,49,0.6727095377441534,195.02
183.28,371.83,56.71,83.03,118.88,57.35,1.77,16.48,93.52,4.34,12.02,400.0,Very Poor,2015,12,1,1,49,0.4915913418984524,139.74
170.74,399.64,61.75,95.99,132.93,52.71,1.87,19.04,88.0,4.38,13.3,386.0,Very Poor,2015,12,2,2,49,0.4261681309904154,157.74
190.14,412.29,43.24,92.91,109.61,52.48,1.74,19.24,86.19,5.0,12.33,385.0,Very Poor,2015,12,3,3,49,0.46006436158629527,136.15
186.64,352.14,64.77,79.52,113.72,43.76,2.28,20.76,88.93,4.47,12.74,392.0,Very Poor,2015,12,4,4,49,0.5285156028770459,144.29
282.01,433.03,154.15,121.11,196.54,68.78,3.4,31.36,129.79,8.33,27.44,428.0,Severe,2015,12,5,5,49,0.649747713291708,275.26
218.22,439.01,129.37,113.45,178.2,75.74,3.24,34.05,122.22,6.89,23.51,394.0,Very Poor,2015,12,6,6,49,0.4959432740164996,242.82
249.8,421.49,73.33,103.77,136.43,81.3,3.07,22.34,103.29,4.31,11.83,440.0,Severe,2015,12,7,0,50,0.5912565977892968,177.1
283.59,478.19,147.22,140.09,204.44,90.35,3.33,23.41,139.79,6.01,20.92,437.0,Severe,2015,12,8,1,50,0.5918111813685594,287.31
250.69,411.48,82.24,93.99,134.24,61.29,2.74,21.72,131.99,4.96,18.16,431.0,Severe,2015,12,9,2,50,0.6077628006206361,176.23
211.95,386.66,51.4,78.05,114.36,50.46,2.46,22.11,123.11,3.55,9.96,383.0,Very Poor,2015,12,10,3,50,0.5467419904039622,129.45
198.38,410.6,57.61,64.21,116.75,57.97,2.1,18.41,119.41,3.74,9.49,377.0,Very Poor,2015,12,11,4,50,0.4819727891156462,121.82
184.12,385.05,47.72,55.01,94.66,49.91,1.91,16.09,122.43,3.91,8.27,379.0,Very Poor,2015,12,12,5,50,0.4769330397616889,102.72999999999999
135.42,338.3,71.54,63.9,118.56,37.83,2.01,18.89,101.58,3.98,9.07,333.0,Very Poor,2015,12,13,6,50,0.39911582670203355,135.44
118.6,380.24,56.5,59.09,102.21,38.84,2.7,13.66,79.22,3.4,8.61,314.0,Very Poor,2015,12,14,0,51,0.3110901269541496,115.59
88.3,216.73000000000002,43.65,40.52,63.37,34.31,1.86,14.88,25.23,2.31,8.74,174.0,Moderate,2015,12,15,1,51,0.40554815597299404,84.17
111.45,216.73000000000002,75.23,34.44,90.72,52.2,1.75,14.56,38.16,3.23,12.95,244.0,Poor,2015,12,16,2,51,0.5118725026408855,109.67
152.24,216.73000000000002,54.06,23.07,71.32,59.43,1.89,19.41,29.89,3.07,11.7,308.0,Very Poor,2015,12,17,3,51,0.6992146236164056,77.13
136.75,216.73000000000002,49.33,25.24,62.42,65.5,1.52,19.87,20.82,2.76,10.34,320.0,Very Poor,2015,12,18,4,51,0.6280714646580627,74.57
114.35,216.73000000000002,47.8,26.84,56.46,74.04,1.94,13.17,33.06,2.59,9.92,270.0,Poor,2015,12,19,5,51,0.52519175125155,74.64
181.67,216.73000000000002,100.08,111.18,139.46,126.19,21.22,18.97,20.58,5.34,20.47,320.0,Very Poor,2015,12,20,6,51,0.8343820327929086,211.26
135.78,216.73000000000002,62.51,78.99,89.78,100.15,29.46,15.59,20.57,3.02,11.55,313.0,Very Poor,2015,12,21,0,52,0.6236164056400129,141.5
204.72,391.9,136.41,136.15,180.15,163.07,11.45,23.64,57.16,6.91,24.84,326.0,Very Poor,2015,12,22,1,52,0.521048612878595,272.56
321.52,589.93,110.63,102.69,165.11,108.68,2.94,22.66,111.69,9.0,27.03,459.0,Severe,2015,12,23,2,52,0.5440915167617146,213.32
129.08,486.66,20.45,55.01,53.4,65.53,30.44,13.43,32.42,3.46,6.92,314.0,Very Poor,2015,12,24,3,52,0.2646926137062708,75.46
132.56,294.13,37.27,71.91,91.68,62.62,9.61,17.57,75.29,3.54,7.58,304.0,Very Poor,2015,12,25,4,52,0.44915799817029783,109.18
158.69,331.93,52.6,88.96,109.95,69.77,10.3,21.02,88.64,3.76,7.95,310.0,Very Poor,2015,12,26,5,52,0.47664674255849576,141.56
187.01,375.13,34.43,90.57,99.66,72.76,11.3,21.41,98.88,3.82,7.0,370.0,Very Poor,2015,12,27,6,52,0.497195118708957,125.0
148.77,332.68,23.26,75.69,71.74,69.14,9.27,20.34,85.96,3.02,5.12,328.0,Very Poor,2015,12,28,0,53,0.44584631982737954,98.95
159.67,325.05,33.33,73.11,82.43,60.62,2.32,21.23,82.69,3.4,6.16,331.0,Very Poor,2015,12,29,1,53,0.4897101671522772,106.44
233.97,391.19,68.54,87.4,133.08,72.74,1.94,22.31,94.75,5.31,12.28,412.0,Severe,2015,12,30,2,53,0.596573089573931,155.94
240.97,389.18,85.66,72.93,131.21,72.69,2.38,24.08,87.26,5.58,16.21,433.0,Severe,2015,12,31,3,53,0.6175867548311036,158.59
295.71,476.09,86.62,94.04,131.36,79.87,2.42,23.57,108.14,5.81,16.3,463.0,Severe,2016,1,1,4,53,0.6198201597182922,180.66000000000003
239.21,395.29,69.42,81.22,126.63,65.11,2.15,23.33,90.45,5.79,17.65,465.0,Severe,2016,1,2,5,53,0.6036236089732266,150.64
270.1,484.82,54.41,76.67,101.63,66.4,2.39,19.94,97.03,5.33,10.78,426.0,Severe,2016,1,3,6,53,0.555967230661562,131.07999999999998
339.8,586.2,124.31,133.95,164.05,73.73,2.97,27.9,91.2,7.12,19.01,496.0,Severe,2016,1,4,0,1,0.5786784741144414,258.26
318.1,535.3,106.93,118.81,159.99,78.22,2.85,30.24,131.4,6.45,21.32,528.0,Severe,2016,1,5,1,1,0.5931381689352975,225.74
305.51,524.01,99.0,103.78,150.4,83.7,3.37,25.78,135.04,7.07,22.16,538.0,Severe,2016,1,6,2,1,0.5819127254718958,202.78
391.54,587.23,167.73,96.36,213.61,105.21,3.39,26.47,186.07,9.07,32.59,535.0,Severe,2016,1,7,3,1,0.6656239906159156,264.09
339.87,540.86,109.0,67.85,170.76,98.29,2.34,14.19,150.8,6.61,18.62,603.0,Severe,2016,1,8,4,1,0.6272284353892149,176.85
158.43,324.64,47.9,60.63,103.82,60.24,2.38,17.94,100.54,3.43,6.7,408.0,Severe,2016,1,9,5,1,0.48651885517749666,108.53
183.24,345.68,85.1,68.86,119.51,62.87,2.14,24.96,130.02,3.98,9.27,368.0,Very Poor,2016,1,10,6,1,0.5285565939771547,153.95999999999998
227.13,411.6,130.64,76.4,179.86,68.11,2.88,23.98,140.72,6.19,19.28,404.0,Severe,2016,1,11,0,2,0.5504847309743092,207.04
195.21,381.19,98.0,78.61,141.55,64.5,2.06,24.06,131.63,4.26,15.4,444.0,Severe,2016,1,12,1,2,0.5107668960464691,176.61
248.59,399.59,25.76,73.18,95.74,68.5,1.62,16.73,95.93,3.34,7.27,356.0,Very Poor,2016,1,13,2,2,0.6205596744801418,98.94000000000001
196.87,339.06,22.82,55.91,76.14,59.65,1.35,11.82,97.98,2.51,5.49,397.0,Very Poor,2016,1,14,3,2,0.5789272481326825,78.72999999999999
178.8,259.53,24.84,45.85,67.9,47.42,1.39,10.86,81.66,2.41,5.16,371.0,Very Poor,2016,1,15,4,2,0.686293325144897,70.69
138.86,220.21,16.26,41.92,56.84,35.05,1.55,11.25,67.4,2.31,4.48,311.0,Very Poor,2016,1,16,5,2,0.6277293069933547,58.18000000000001
179.48,268.5,24.14,58.56,75.29,35.01,1.45,15.89,78.01,2.21,4.79,321.0,Very Poor,2016,1,17,6,2,0.6659740259740259,82.7
269.05,451.43,75.17,78.22,129.46,45.72,2.4,15.42,107.94,3.78,8.46,424.0,Severe,2016,1,18,0,3,0.5946776296885706,153.39
278.2,430.74,25.48,61.04,81.75,43.49,3.82,12.59,104.61,3.44,7.68,435.0,Severe,2016,1,19,1,3,0.6443692963357576,86.52
272.1,415.38,25.73,56.67,73.35,40.44,1.84,14.75,100.12,3.93,7.77,455.0,Severe,2016,1,20,2,3,0.6534896008453817,82.4
196.83,318.08,29.85,52.83,74.47,37.76,1.68,11.99,91.52,3.95,8.5,398.0,Very Poor,2016,1,21,3,3,0.6168672433245582,82.68
290.66,418.92,58.36,73.9,118.66,48.9,1.94,17.13,136.52,6.63,15.31,399.0,Very Poor,2016,1,22,4,3,0.6921794627548105,132.26
294.3,480.0,58.3,78.21,130.91,67.05,2.13,16.81,147.56,11.67,31.39,469.0,Severe,2016,1,23,5,3,0.6118503118503119,136.51
303.5,446.28,18.81,64.55,84.23,56.64,2.6,14.74,132.54,13.06,20.63,488.0,Severe,2016,1,24,6,3,0.6785458773028081,83.36
217.05,362.08,27.18,66.89,84.08,44.74,1.32,16.09,103.53,8.15,15.77,401.0,Severe,2016,1,25,0,4,0.5978021372700232,94.07
308.75,462.91,33.24,80.14,104.98,58.38,1.7,17.97,139.27,9.11,15.21,446.0,Severe,2016,1,26,1,4,0.6655385742924274,113.38
255.94,424.11,68.34,87.93,136.31,63.16,2.03,17.09,142.54,9.97,27.76,456.0,Severe,2016,1,27,2,4,0.602055938462986,156.27
283.03,463.03,96.44,90.45,154.28,68.84,2.09,23.63,151.6,13.06,33.02,451.0,Severe,2016,1,28,3,4,0.6099390125638429,186.89
311.08,498.38,140.59,117.07,139.36,74.39,2.54,29.99,175.04,17.15,48.03,501.0,Severe,2016,1,29,4,4,0.6229324362209139,257.65999999999997
285.83,450.72,114.59,111.19,202.98,78.01,2.54,27.94,157.74,11.99,36.72,505.0,Severe,2016,1,30,5,4,0.6327592313822721,225.78
242.05,291.16,22.08,46.17,61.75,53.86,1.77,12.4,75.74,3.93,9.75,437.0,Severe,2016,1,31,6,4,0.8284843921139101,68.25
121.4,193.5,20.04,60.12,73.48,37.51,1.08,16.33,90.99,2.9,6.96,305.0,Very Poor,2016,2,1,0,5,0.6241645244215939,80.16
135.31,242.87,26.56,63.6,86.07,32.1,1.14,19.08,94.8,3.55,7.54,292.0,Poor,2016,2,2,1,5,0.5548447943576496,90.16
136.87,273.78,18.78,61.81,80.6,30.46,1.11,24.23,95.15,4.51,8.58,306.0,Very Poor,2016,2,3,2,5,0.4981075769706675,80.59
130.76,269.21,63.15,67.45,115.18,31.31,1.47,23.7,85.13,9.22,17.93,300.0,Poor,2016,2,4,3,5,0.4839199141408534,130.6
206.72,383.25,103.55,86.15,180.54,38.98,1.82,30.2,121.22,13.75,29.14,371.0,Very Poor,2016,2,5,4,5,0.5379830839297333,189.7
224.94,348.14,139.49,85.86,143.3,41.58,2.6,26.22,149.67,11.57,36.79,408.0,Severe,2016,2,6,5,5,0.6442687747035574,225.35000000000002
170.45,249.91,24.15,72.61,90.15,46.76,1.28,20.74,95.23,5.29,12.12,343.0,Very Poor,2016,2,7,6,5,0.6793272488143158,96.75999999999999
119.57,186.86,46.36,57.0,102.85,45.57,1.26,19.21,74.61,7.03,15.39,301.0,Very Poor,2016,2,8,0,6,0.6364846162035558,103.36
181.76,261.7,53.77,65.45,101.07,44.85,1.46,19.53,106.92,8.52,19.03,322.0,Very Poor,2016,2,9,1,6,0.6918918918918919,119.22
216.55,341.38,99.27,81.98,159.3,48.24,2.02,21.61,129.76,10.15,25.69,368.0,Very Poor,2016,2,10,2,6,0.6324843740872715,181.25
150.0,270.49,61.14,70.99,101.48,41.33,1.88,21.25,93.1,7.25,31.62,349.0,Very Poor,2016,2,11,3,6,0.5525065379940329,132.13
146.03,296.27,41.52,79.43,102.77,35.09,1.56,26.86,117.2,6.5,12.45,334.0,Very Poor,2016,2,12,4,6,0.4912369226628991,120.95000000000002
110.89,228.81,15.7,56.05,60.22,33.55,2.14,20.94,101.47,3.19,6.06,333.0,Very Poor,2016,2,13,5,6,0.48252904573343197,71.75
103.57,177.49,21.11,61.73,71.42,35.13,1.11,29.71,89.22,4.57,8.6,257.0,Poor,2016,2,14,6,6,0.5802565970082357,82.84
115.7,219.52,26.8,66.8,88.44,35.02,1.88,27.44,93.47,6.81,11.64,265.0,Poor,2016,2,15,0,7,0.5246689642662797,93.6
123.22,216.09,27.2,65.75,91.8,32.58,1.25,29.19,95.46,6.11,10.5,297.0,Poor,2016,2,16,1,7,0.5675986917868165,92.95
135.38,236.15,30.25,80.76,107.45,35.79,1.36,37.35,89.38,8.2,17.99,289.0,Poor,2016,2,17,2,7,0.5708623234239932,111.01
148.75,217.16,41.39,76.11,115.01,54.55,1.41,26.28,90.48,9.41,24.42,310.0,Very Poor,2016,2,18,3,7,0.6818390172350568,117.5
207.1,307.38,54.8,66.45,119.87,67.61,1.76,32.25,108.89,10.6,22.71,366.0,Very Poor,2016,2,19,4,7,0.6715740320383942,121.25
150.89,225.66,72.64,47.72,109.23,79.34,1.48,20.15,84.64,8.31,29.83,345.0,Very Poor,2016,2,20,5,7,0.6657107561987117,120.36
76.12,137.44,9.77,30.51,38.62,47.95,1.0,10.43,73.2,3.07,6.16,228.0,Poor,2016,2,21,6,7,0.5498410863912164,40.28
88.73,137.44,12.59,41.47,48.81,30.92,1.02,20.79,75.96,3.48,4.69,213.0,Poor,2016,2,22,0,8,0.6409274776076279,54.06
86.17,194.61,32.16,56.77,58.22,28.75,1.41,21.27,95.32,2.19,4.9,208.0,Poor,2016,2,23,1,8,0.44051940084862734,88.93
177.64,309.47,93.53,117.04,150.74,35.85,2.07,50.44,200.41,4.5,14.62,319.0,Very Poor,2016,2,24,2,8,0.5721647824266434,210.57
131.69,232.45,53.41,81.93,121.16,36.07,1.6,21.19,97.56,5.66,15.91,315.0,Very Poor,2016,2,25,3,8,0.5641036624544871,135.34
129.66,236.27,50.39,76.82,101.86,27.19,1.63,21.44,115.84,2.56,8.82,293.0,Poor,2016,2,26,4,8,0.5464660513339233,127.21
144.98,245.96,63.25,86.59,102.02,36.93,1.78,24.43,117.3,3.51,10.6,342.0,Very Poor,2016,2,27,5,8,0.5870586329770002,149.84
163.92,263.73,84.62,76.43,114.7,41.99,1.98,21.63,130.99,3.71,11.29,338.0,Very Poor,2016,2,28,6,8,0.6191969176141728,161.05
170.12,255.34,85.99,76.4,134.66,49.77,1.99,17.63,137.57,5.5,17.45,344.0,Very Poor,2016,2,29,0,9,0.6636498400561753,162.39
213.62,299.88,113.63,102.02,151.93,51.11,2.43,25.49,138.3,10.49,34.16,370.0,Very Poor,2016,3,1,1,9,0.7099840467960649,215.64999999999998
175.63,244.58,123.21,102.23,181.1,41.75,1.94,25.53,157.07,6.27,24.07,365.0,Very Poor,2016,3,2,2,9,0.7151641013111817,225.44
165.22,264.31,116.23,100.71,182.37,48.37,2.61,33.45,113.89,10.66,37.95,348.0,Very Poor,2016,3,3,3,9,0.6227432060608344,216.94
115.55,201.71,28.05,60.47,79.02,39.42,1.36,16.6,103.88,3.87,10.79,312.0,Very Poor,2016,3,4,4,9,0.5700261457254205,88.52
53.0,129.37,9.63,48.15,48.15,31.6,0.73,19.05,84.88,1.82,4.78,214.0,Poor,2016,3,5,5,9,0.40653524583876655,57.78
47.43,60.61,17.03,55.78,61.54,44.64,0.86,15.1,81.26,2.32,5.23,165.0,Moderate,2016,3,6,6,9,0.7698425580262944,72.81
98.61,167.78,33.11,54.69,84.84,54.88,1.28,20.44,82.97,6.69,12.43,218.0,Poor,2016,3,7,0,10,0.5842516885886954,87.8
84.42,134.81,19.94,43.9,61.04,40.96,1.07,26.24,61.83,4.16,8.24,230.0,Poor,2016,3,8,1,10,0.6216037110669318,63.84
109.16,164.84,35.5,49.75,76.08,35.16,1.16,31.56,66.4,4.96,10.61,248.0,Poor,2016,3,9,2,10,0.6582247949831163,85.25
129.9,240.67,54.54,60.19,100.31,37.73,1.57,26.69,92.04,7.33,15.62,276.0,Poor,2016,3,10,3,10,0.5375098274506559,114.72999999999999
85.76,204.96,38.38,30.44,48.08,28.85,1.69,9.58,36.99,3.31,11.5,213.0,Poor,2016,3,11,4,10,0.416391532336376,68.82000000000001
60.17,216.73000000000002,8.84,15.89,19.14,38.04,2.0,8.04,31.91,1.52,4.28,127.0,Moderate,2016,3,12,5,10,0.27635144444954757,24.73
58.95,216.73000000000002,4.1,10.63,15.13,38.04,1.43,7.25,66.25,1.03,2.48,112.0,Moderate,2016,3,13,6,10,0.2707481743443715,14.73
51.82,79.14,23.42,38.11,46.02,23.58,1.22,18.53,55.08,1.75,6.96,111.0,Moderate,2016,3,14,0,11,0.6466184177689044,61.53
81.32,162.38,71.57,34.54,75.09,26.0,1.74,20.36,77.88,3.24,11.97,193.0,Moderate,2016,3,15,1,11,0.4977353409230016,106.10999999999999
67.63,152.46,21.36,36.61,53.44,29.89,1.14,17.04,48.58,3.62,7.91,123.0,Moderate,2016,3,16,2,11,0.4407011599113775,57.97
70.86,137.98,22.03,65.89,78.38,31.57,1.12,21.48,73.05,4.97,11.2,194.0,Moderate,2016,3,17,3,11,0.5098575334580515,87.92
72.47,133.3,24.06,64.64,69.35,30.43,1.24,27.7,70.45,1.92,5.0,186.0,Moderate,2016,3,18,4,11,0.5396128071481757,88.7
103.73,194.95,67.6,77.89,131.48,38.99,2.2,30.74,56.49,3.3,10.69,242.0,Poor,2016,3,19,5,11,0.5293697371778515,145.49
95.52,167.64,55.13,57.84,99.81,52.94,1.56,20.52,97.74,4.21,13.34,267.0,Poor,2016,3,20,6,11,0.5664136622390892,112.97
58.4,129.21,12.64,36.37,45.3,33.75,1.14,15.98,65.16,3.13,6.75,207.0,Poor,2016,3,21,0,12,0.44850625911988323,49.01
47.43,139.62,5.98,31.12,32.05,21.64,0.96,13.54,70.69,2.41,4.66,176.0,Moderate,2016,3,22,1,12,0.33729199260418147,37.1
80.01,148.1,34.57,50.45,67.93,27.0,1.29,22.15,84.89,3.3,6.61,189.0,Moderate,2016,3,23,2,12,0.5366197183098592,85.02000000000001
156.01,228.19,85.62,88.44,138.71,39.36,2.18,24.44,169.36,4.06,10.5,341.0,Very Poor,2016,3,24,3,12,0.6807016012915048,174.06
137.99,217.03,47.16,85.91,112.34,44.01,2.1,32.84,142.38,4.46,10.03,325.0,Very Poor,2016,3,25,4,12,0.6328945557950741,133.07
72.44,122.24,12.75,42.51,48.36,37.72,1.1,23.86,66.2,2.52,6.11,259.0,Poor,2016,3,26,5,12,0.5877961700746511,55.26
61.75,54.0,6.56,37.18,36.21,28.36,0.74,18.09,66.87,1.6,3.56,178.0,Moderate,2016,3,27,6,12,1.1227272727272728,43.74
81.46,110.31,21.37,53.01,67.76,27.83,1.04,25.75,77.27,3.49,7.83,219.0,Poor,2016,3,28,0,13,0.7318300242565806,74.38
89.75,156.89,18.61,48.72,62.06,29.91,1.28,42.34,67.87,4.29,8.11,206.0,Poor,2016,3,29,1,13,0.5684337196782571,67.33
88.68,163.7,28.13,46.74,64.38,27.39,1.35,36.91,47.01,4.1,8.45,221.0,Poor,2016,3,30,2,13,0.5384335154826959,74.87
127.86,218.3,93.5,61.21,117.28,34.59,2.2,19.64,62.15,3.73,11.76,298.0,Poor,2016,3,31,3,13,0.5830369357045143,154.71
130.7,216.73000000000002,5.58,15.89,20.05,38.04,1.39,12.78,29.69,2.3,5.74,316.0,Very Poor,2016,4,1,4,13,0.6002847563496072,21.47
118.44,216.73000000000002,16.79,18.29,30.66,38.04,1.88,16.35,29.38,4.26,9.87,294.0,Poor,2016,4,2,5,13,0.5439764846369356,35.08
148.22,217.84,63.75,44.98,91.09,62.22,1.68,27.44,69.66,6.9,17.57,314.0,Very Poor,2016,4,3,6,13,0.6772984829098885,108.72999999999999
132.86,377.61,54.82,31.55,70.95,59.55,1.51,20.54,63.44,8.27,15.68,334.0,Very Poor,2016,4,4,0,14,0.3509151897731175,86.37
97.83,174.11,7.16,20.15,26.39,24.26,1.38,18.86,28.8,3.23,6.9,261.0,Poor,2016,4,5,1,14,0.5586774027753982,27.31
91.82,202.91,24.61,52.54,64.76,32.31,1.4,31.06,37.04,4.94,17.96,208.0,Poor,2016,4,6,2,14,0.4502966995242999,77.15
129.61,329.68,54.59,58.6,98.07,48.67,1.22,35.57,32.33,8.56,23.17,289.0,Poor,2016,4,7,3,14,0.3919499213741382,113.19
89.78,193.14,24.3,53.55,75.27,31.01,1.52,48.86,34.75,7.42,18.35,216.0,Poor,2016,4,8,4,14,0.4624497785103534,77.85
166.76,272.67,65.1,63.03,122.4,35.12,1.51,46.97,47.93,12.58,21.16,314.0,Very Poor,2016,4,9,5,14,0.6093470237877735,128.13
107.81,154.18,35.14,47.95,82.5,33.72,1.77,35.24,31.6,6.63,12.59,262.0,Poor,2016,4,10,6,14,0.6947415904111355,83.09
81.12,246.86,13.25,36.5,47.89,31.62,0.72,22.66,61.02,4.87,8.42,257.0,Poor,2016,4,11,0,15,0.327281529895909,49.75
74.03,201.81,13.94,35.44,48.38,23.32,0.71,17.85,58.47,3.54,6.19,235.0,Poor,2016,4,12,1,15,0.3650214486465164,49.379999999999995
74.9,247.61,25.64,46.29,70.06,22.7,1.11,25.16,58.74,3.5,6.9,239.0,Poor,2016,4,13,2,15,0.3012750894976067,71.93
94.81,220.48,39.07,58.81,78.15,22.82,1.32,26.21,75.75,4.53,9.5,239.0,Poor,2016,4,14,3,15,0.42807476973090125,97.88
137.48,285.18,88.96,76.2,133.09,34.25,1.98,37.57,85.91,7.75,19.19,302.0,Very Poor,2016,4,15,4,15,0.4803969529666643,165.16
124.13,216.73000000000002,36.76,37.49,54.07,17.79,1.88,14.84,35.97,3.55,10.0,296.0,Poor,2016,4,16,5,15,0.5701097689799292,74.25
102.86,283.02,30.63,42.35,61.61,21.22,1.04,13.34,66.77,2.91,7.11,247.0,Poor,2016,4,17,6,15,0.3621575945355961,72.98
102.9,219.17,33.28,49.32,78.86,28.33,0.98,22.15,81.29,4.76,9.28,265.0,Poor,2016,4,18,0,16,0.46736612617522827,82.6
129.06,311.93,35.74,63.21,99.16,28.32,1.52,35.73,98.35,6.73,17.39,301.0,Very Poor,2016,4,19,1,16,0.41242450388265744,98.95
124.8,283.05,22.33,48.65,66.43,25.14,1.09,29.16,97.22,5.51,9.32,322.0,Very Poor,2016,4,20,2,16,0.43935926773455375,70.97999999999999
92.74,265.56,13.43,42.87,50.67,20.52,0.88,19.87,103.07,2.82,5.38,291.0,Poor,2016,4,21,3,16,0.3479141656662665,56.3
113.75,208.42,9.87,44.8,46.72,20.0,0.93,25.63,110.09,1.91,4.27,292.0,Poor,2016,4,22,4,16,0.5431668417534142,54.669999999999995
89.52,171.92,18.15,50.78,56.56,20.6,1.51,25.65,87.26,1.88,4.73,258.0,Poor,2016,4,23,5,16,0.5176960444136017,68.93
123.59,219.3,57.65,69.92,102.52,22.0,1.7,40.96,87.66,3.33,9.01,282.0,Poor,2016,4,24,6,16,0.5610077167498865,127.57
104.5,213.36,31.14,70.04,91.82,23.14,1.47,39.91,87.38,3.17,10.97,271.0,Poor,2016,4,25,0,17,0.48749766747527523,101.18
139.37,306.08,71.92,97.93,118.98,29.38,2.08,38.53,86.82,5.89,17.43,314.0,Very Poor,2016,4,26,1,17,0.45385567278884986,169.85000000000002
162.54,379.7,154.33,108.53,168.05,39.52,2.7,33.53,87.74,9.46,31.19,377.0,Very Poor,2016,4,27,2,17,0.4269503546099291,262.86
161.23,354.17,72.12,80.4,126.06,37.83,2.08,35.7,117.59,6.68,18.75,390.0,Very Poor,2016,4,28,3,17,0.4539516287974772,152.52
181.49,383.05,62.82,88.26,117.82,32.04,2.14,38.0,56.3,5.69,13.15,392.0,Very Poor,2016,4,29,4,17,0.4725686759536519,151.08
142.64,216.73000000000002,30.09,51.53,56.14,16.95,1.82,13.83,59.71,3.38,9.22,342.0,Very Poor,2016,4,30,5,17,0.6551233178707573,81.62
124.21,216.73000000000002,52.27,52.3,74.64,17.35,1.9,10.98,74.25,4.16,11.72,297.0,Poor,2016,5,1,6,17,0.5704771965278096,104.57
119.47,216.73000000000002,21.08,41.26,43.36,13.81,1.49,10.0,70.42,2.77,7.29,275.0,Poor,2016,5,2,0,18,0.5487071143158958,62.339999999999996
125.36,284.55,10.0,59.73,52.11,31.89,1.49,21.42,101.53,3.23,8.74,281.0,Poor,2016,5,3,1,18,0.43901243214848534,69.72999999999999
103.08,297.94,18.52,61.77,72.09,49.53,1.44,26.13,91.18,4.3,12.28,309.0,Very Poor,2016,5,4,2,18,0.34481835819896967,80.29
65.02,173.86,11.94,46.27,53.02,44.78,1.14,18.35,79.9,2.75,11.56,262.0,Poor,2016,5,5,3,18,0.3718403294063822,58.21
54.34,136.92,21.0,55.07,71.12,35.93,1.12,20.23,65.26,4.02,12.46,194.0,Moderate,2016,5,6,4,18,0.3939965197215778,76.07
77.89,193.14,15.3,66.68,70.75,39.63,0.98,20.15,75.61,4.69,10.97,229.0,Poor,2016,5,7,5,18,0.4012053157515196,81.98
90.19,208.75,7.73,64.2,59.4,45.99,1.1,25.25,81.61,4.6,10.54,246.0,Poor,2016,5,8,6,18,0.4299880810488677,71.93
77.34,168.66,3.71,48.67,43.92,51.11,1.04,18.97,79.06,3.04,6.31,225.0,Poor,2016,5,9,0,19,0.4558528822350584,52.38
73.55,174.94,5.87,57.52,54.56,43.66,1.05,22.26,68.57,3.71,14.27,221.0,Poor,2016,5,10,1,19,0.418040240991247,63.39
66.49,112.6,6.74,52.3,50.94,53.04,0.98,16.32,61.02,2.99,12.34,185.0,Moderate,2016,5,11,2,19,0.5852992957746479,59.04
100.09,207.98,14.69,64.25,67.9,66.64,1.34,17.95,76.43,4.2,14.3,218.0,Poor,2016,5,12,3,19,0.47894535362235624,78.94
99.88,250.51,37.0,60.29,80.62,56.26,1.1,16.54,95.52,5.83,18.17,310.0,Very Poor,2016,5,13,4,19,0.39712138682358555,97.28999999999999
105.51,292.64,46.21,67.71,78.61,52.87,1.44,20.49,86.22,6.12,19.79,307.0,Very Poor,2016,5,14,5,19,0.35931753167143443,113.91999999999999
128.85,379.8,50.68,57.06,64.22,46.77,1.83,18.7,56.63,6.57,17.73,325.0,Very Poor,2016,5,15,6,19,0.3383665966386554,107.74000000000001
94.89,247.95,37.68,58.46,85.72,31.0,1.12,21.19,62.4,4.32,10.12,316.0,Very Poor,2016,5,16,0,20,0.38116087567784696,96.14
92.95,249.27,32.62,62.4,98.0,29.12,1.19,27.34,89.66,4.72,9.81,302.0,Very Poor,2016,5,17,1,20,0.37139888919966435,95.02
117.64,266.72,52.8,80.57,118.39,26.39,1.76,31.96,105.42,5.44,13.84,318.0,Very Poor,2016,5,18,2,20,0.43941431346182575,133.37
94.22,219.01,11.17,67.73,74.26,43.64,1.86,27.98,85.76,3.74,9.37,300.0,Poor,2016,5,19,3,20,0.4282532612153993,78.9
70.86,186.97,7.21,52.02,55.3,57.83,1.07,12.82,77.8,2.58,8.41,246.0,Poor,2016,5,20,4,20,0.3769750492099803,59.230000000000004
78.02,233.72,4.48,48.23,45.61,55.28,0.96,13.08,107.9,1.88,4.19,255.0,Poor,2016,5,21,5,20,0.33239604635310155,52.709999999999994
66.3,149.31,4.99,53.42,50.1,46.09,0.99,15.3,101.65,1.16,2.82,218.0,Poor,2016,5,22,6,20,0.4410884172709733,58.410000000000004
87.31,163.9,5.25,45.86,47.55,40.22,0.79,16.69,93.48,0.87,2.5,252.0,Poor,2016,5,23,0,21,0.5294724075197089,51.11
57.35,103.26,12.6,43.57,53.77,36.69,0.89,13.46,75.38,0.99,3.18,190.0,Moderate,2016,5,24,1,21,0.550067139842701,56.17
105.02,240.52,14.64,50.77,61.13,48.53,1.48,13.98,126.55,1.86,5.87,256.0,Poor,2016,5,25,2,21,0.43482941371315004,65.41
111.22,293.73,22.75,48.12,58.91,42.29,1.06,11.79,160.06,1.57,5.7,311.0,Very Poor,2016,5,26,3,21,0.37736233162555555,70.87
180.71,379.29,25.71,50.38,65.02,43.19,1.29,13.73,169.35,2.65,8.03,381.0,Very Poor,2016,5,27,4,21,0.47518998658918193,76.09
109.82,314.0,8.63,34.37,35.37,29.71,0.96,15.48,120.76,1.62,8.72,409.0,Severe,2016,5,28,5,21,0.34863492063492063,43.0
42.67,169.36,3.57,35.71,22.06,30.46,0.87,10.6,101.26,0.66,1.44,269.0,Poor,2016,5,29,6,21,0.2504695938013618,39.28
56.87,101.24,21.03,50.18,64.65,39.34,1.39,11.3,73.43,2.4,9.91,187.0,Moderate,2016,5,30,0,22,0.5562402190923318,71.21000000000001
101.54,214.14,31.68,49.41,78.79,47.17,1.29,9.15,83.4,4.76,18.77,225.0,Poor,2016,5,31,1,22,0.47197173933252773,81.09
76.56,251.87,17.71,44.55,57.7,37.91,1.04,13.11,86.34,4.57,10.9,283.0,Poor,2016,6,1,2,22,0.30276426622375135,62.26
81.4,298.5,26.72,49.88,73.71,37.86,1.3,13.87,94.77,4.72,10.98,316.0,Very Poor,2016,6,2,3,22,0.2717863105175292,76.6
138.97,296.64,53.59,74.99,108.21,44.94,1.7,21.41,129.18,8.08,24.79,361.0,Very Poor,2016,6,3,4,22,0.4669063297943825,128.57999999999998
137.81,274.63,26.48,75.26,92.33,47.59,1.48,15.4,115.31,5.88,20.24,330.0,Very Poor,2016,6,4,5,22,0.4999818597395059,101.74000000000001
77.72,166.28,4.05,36.69,33.03,51.64,0.99,11.7,78.8,2.31,10.45,256.0,Poor,2016,6,5,6,22,0.4646102343376375,40.739999999999995
84.61,208.17,8.11,45.47,45.71,35.52,1.48,14.68,100.24,2.73,12.57,237.0,Poor,2016,6,6,0,23,0.4045035138882249,53.58
66.72,152.18,8.77,45.5,52.2,33.33,1.77,15.9,82.33,3.28,16.6,246.0,Poor,2016,6,7,1,23,0.4355660007833921,54.269999999999996
64.08,143.88,7.96,57.31,61.05,32.67,1.45,19.95,79.75,4.35,16.88,202.0,Poor,2016,6,8,2,23,0.44229707344008834,65.27
64.95,187.69,15.09,49.67,63.99,35.28,1.75,15.09,84.94,4.18,13.88,209.0,Poor,2016,6,9,3,23,0.3442153797233558,64.76
75.75,239.74,20.49,51.75,71.2,30.18,3.84,18.14,92.8,4.58,15.79,262.0,Poor,2016,6,10,4,23,0.3146548143225056,72.24
69.25,225.52,15.79,38.84,53.11,37.83,3.61,9.83,68.93,4.66,13.22,280.0,Poor,2016,6,11,5,23,0.3057125198657955,54.63
70.71,272.34,19.62,40.04,59.25,33.33,2.59,9.78,70.91,3.45,10.63,279.0,Poor,2016,6,12,6,23,0.2586888124679886,59.66
96.72,332.91,20.53,34.52,56.84,34.24,3.24,10.14,98.09,4.68,8.25,357.0,Very Poor,2016,6,13,0,24,0.2896588901200922,55.050000000000004
59.02,197.51,27.2,38.55,68.18,38.65,3.44,8.29,57.42,6.15,9.97,266.0,Poor,2016,6,14,1,24,0.2973149967256058,65.75
102.42,330.36,18.12,37.74,55.24,42.47,1.59,11.23,65.24,4.53,17.16,330.0,Very Poor,2016,6,15,2,24,0.30908981168517624,55.86
62.37,109.42,7.69,30.44,32.88,34.5,2.49,9.89,56.97,2.66,9.95,248.0,Poor,2016,6,16,3,24,0.5648433254845137,38.13
67.76,120.06,16.21,41.27,52.49,32.53,1.87,10.43,59.25,2.66,10.79,172.0,Moderate,2016,6,17,4,24,0.5597224516768545,57.480000000000004
79.17,142.57,7.3,33.98,35.75,33.32,1.94,8.64,68.32,2.64,9.0,234.0,Poor,2016,6,18,5,24,0.5514383227693809,41.279999999999994
101.31,101.54,7.47,32.55,34.9,34.93,2.64,9.51,56.24,2.99,6.88,201.0,Poor,2016,6,19,6,24,0.9880046811000585,40.019999999999996
83.1,84.18,11.99,40.24,47.72,34.93,2.11,11.24,52.76,3.21,9.95,206.0,Poor,2016,6,20,0,25,0.9755811223291851,52.230000000000004
72.33,54.85,6.49,32.04,32.95,35.69,2.49,10.54,43.4,2.81,6.77,159.0,Moderate,2016,6,21,1,25,1.2950760966875559,38.53
75.14,99.89,9.12,31.89,37.74,31.53,3.73,7.88,51.74,3.39,9.43,187.0,Moderate,2016,6,22,2,25,0.7447715333531569,41.01
91.63,98.88,10.88,37.7,44.63,28.31,2.11,8.34,55.92,3.55,10.1,228.0,Poor,2016,6,23,3,25,0.9174008810572687,48.580000000000005
100.02,331.1,15.97,45.29,60.69,33.1,2.02,9.03,101.3,3.84,12.19,284.0,Poor,2016,6,24,4,25,0.3011743450767841,61.26
67.12,175.26,4.67,50.91,51.52,43.4,1.09,10.87,79.26,2.77,10.31,310.0,Very Poor,2016,6,25,5,25,0.3808010892998979,55.58
48.0,86.63,4.54,40.57,42.04,39.05,0.85,8.71,58.37,2.99,9.68,158.0,Moderate,2016,6,26,6,25,0.547757617254365,45.11
76.76,112.46,5.66,37.28,37.28,39.39,1.71,7.63,51.76,2.29,9.34,154.0,Moderate,2016,6,27,0,26,0.6765379869557554,42.94
80.89,96.05,12.43,40.07,49.02,35.05,3.0,9.77,55.61,2.91,14.57,187.0,Moderate,2016,6,28,1,26,0.8334878928387429,52.5
60.67,68.43,7.96,37.01,39.52,33.03,2.08,10.22,44.44,2.51,9.39,180.0,Moderate,2016,6,29,2,26,0.8738297565893706,44.97
69.65,103.25,9.49,34.17,39.9,31.42,2.39,9.43,51.31,2.96,9.9,190.0,Moderate,2016,6,30,3,26,0.6681055155875301,43.660000000000004
58.21,113.1,12.65,29.28,40.04,42.08,2.23,7.97,37.35,3.0,8.64,164.0,Moderate,2016,7,1,4,26,0.5101665205959685,41.93
57.24,96.62,15.31,33.9,48.12,36.91,2.93,7.81,40.49,3.18,12.52,148.0,Moderate,2016,7,2,5,26,0.5863552550706822,49.21
67.6,95.26,10.6,36.79,41.59,35.43,2.78,8.77,48.9,2.96,13.77,154.0,Moderate,2016,7,3,6,26,0.7022646997714522,47.39
57.1,75.83,14.67,37.93,50.05,35.38,1.72,8.88,52.3,2.79,9.43,160.0,Moderate,2016,7,4,0,27,0.7431992711180528,52.6
68.71,162.2,21.67,47.24,67.91,42.46,2.22,8.51,55.57,3.29,11.92,165.0,Moderate,2016,7,5,1,27,0.4210171568627451,68.91
77.71,143.29,11.31,34.78,43.72,52.72,2.64,7.6,57.81,3.05,8.64,210.0,Poor,2016,7,6,2,27,0.5385681613417423,46.09
54.5,80.82,6.51,27.69,29.77,37.18,2.18,8.73,42.67,2.53,6.88,158.0,Moderate,2016,7,7,3,27,0.6660963089709118,34.2
54.96,98.86,14.06,42.07,51.85,40.9,1.58,8.38,45.55,3.06,10.18,172.0,Moderate,2016,7,8,4,27,0.5503705187262167,56.13
52.95,87.81,13.01,30.77,41.97,40.31,1.96,7.73,45.1,2.59,9.41,151.0,Moderate,2016,7,9,5,27,0.5962166422700147,43.78
59.13,86.18,12.96,35.91,46.19,37.92,1.72,7.94,43.24,2.95,10.42,143.0,Moderate,2016,7,10,6,27,0.6782518926359257,48.87
60.92,74.51,13.86,33.57,45.91,38.15,1.08,7.74,42.22,3.58,8.87,156.0,Moderate,2016,7,11,0,28,0.8067805588663752,47.43
39.32,57.16,24.89,32.55,58.24,33.66,2.36,9.06,43.95,3.21,18.14,108.0,Moderate,2016,7,12,1,28,0.6760660247592848,57.44
71.53,79.1,29.55,31.96,57.77,43.92,1.82,8.23,50.01,3.75,17.84,163.0,Moderate,2016,7,13,2,28,0.8930087390761549,61.510000000000005
73.51,56.29,31.24,29.7,54.28,61.03,5.0,7.39,47.3,3.87,13.39,247.0,Poor,2016,7,14,3,28,1.283120963518939,60.94
52.88,88.23,24.44,29.17,46.93,38.79,4.65,6.58,36.35,2.84,8.34,123.0,Moderate,2016,7,15,4,28,0.5926257984982629,53.61
50.99,44.48,14.85,22.38,37.7,40.89,1.21,7.18,33.31,3.47,5.86,106.0,Moderate,2016,7,16,5,28,1.1211521547933159,37.23
75.93,38.59,14.17,15.75,29.63,33.83,2.48,7.0,28.11,3.43,5.89,202.0,Poor,2016,7,17,6,28,1.9179085627683758,29.92
44.08,77.07,24.72,32.85,54.62,51.53,1.47,7.31,36.73,4.26,10.89,120.0,Moderate,2016,7,18,0,29,0.5646214935314462,57.57
42.14,166.27,20.73,31.4,48.11,55.76,1.31,6.78,44.7,4.26,9.89,135.0,Moderate,2016,7,19,1,29,0.2519280205655527,52.129999999999995
56.86,203.09,24.36,34.96,60.14,31.06,1.16,9.36,61.07,2.37,7.57,245.0,Poor,2016,7,20,2,29,0.2786025772943309,59.32
45.64,240.86,32.54,37.8,79.06,32.92,0.87,7.27,56.3,2.34,6.11,280.0,Poor,2016,7,21,3,29,0.18870420904655585,70.34
48.36,157.41,20.2,37.42,58.72,37.84,1.14,8.63,64.4,1.91,11.74,269.0,Poor,2016,7,22,4,29,0.30528375733855184,57.620000000000005
42.09,80.14,8.85,23.88,28.63,35.77,0.84,7.23,51.32,1.96,5.07,163.0,Moderate,2016,7,23,5,29,0.518733053980774,32.73
59.4,124.47,15.95,56.56,69.2,38.44,1.45,8.91,65.42,2.97,9.41,257.0,Poor,2016,7,24,6,29,0.47341994102175816,72.51
76.29,163.57,19.52,58.4,73.04,45.77,1.32,7.93,62.62,3.39,12.4,195.0,Moderate,2016,7,25,0,30,0.4635717323935104,77.92
54.5,95.08,11.64,40.48,50.72,48.6,1.08,8.2,52.3,2.91,10.16,163.0,Moderate,2016,7,26,1,30,0.5672356369691923,52.12
40.55,58.09,25.41,40.86,65.28,42.48,1.36,10.82,56.73,4.88,14.13,108.0,Moderate,2016,7,27,2,30,0.6862413267896428,66.27
46.44,68.69,27.67,42.81,68.89,40.28,1.34,9.95,72.25,4.81,18.68,134.0,Moderate,2016,7,28,3,30,0.6663796814464055,70.48
56.16,76.89,38.7,44.18,82.68,41.18,1.76,9.87,70.34,5.25,20.12,155.0,Moderate,2016,7,29,4,30,0.7210168185903196,82.88
42.7,50.0,29.68,36.78,68.62,36.4,1.55,8.69,49.28,4.77,16.89,116.0,Moderate,2016,7,30,5,30,0.8372549019607843,66.46000000000001
48.03,70.62,23.7,32.5,54.99,37.62,1.29,8.01,85.11,4.25,15.17,136.0,Moderate,2016,7,31,6,30,0.6706227310807037,56.2
43.47,53.42,17.15,29.86,48.93,35.28,1.29,10.33,68.03,3.55,14.22,150.0,Moderate,2016,8,1,0,31,0.798787210584344,47.01
43.55,55.33,24.58,34.87,56.3,34.99,2.69,8.23,91.54,2.99,19.32,121.0,Moderate,2016,8,2,1,31,0.7731226699804722,59.449999999999996
50.86,67.92,23.29,36.14,56.77,32.14,1.35,6.96,92.81,2.01,28.25,149.0,Moderate,2016,8,3,2,31,0.7379570516540916,59.43
49.04,87.48,17.77,35.93,53.75,32.45,0.92,9.03,86.42,2.26,20.91,178.0,Moderate,2016,8,4,3,31,0.554249547920434,53.7
39.3,78.77,11.79,33.68,42.56,32.81,1.2,9.36,63.17,2.26,12.08,120.0,Moderate,2016,8,5,4,31,0.4926664159458443,45.47
43.86,76.69,23.12,38.29,60.55,32.22,2.13,9.81,68.19,2.28,19.87,140.0,Moderate,2016,8,6,5,31,0.5645514223194749,61.41
42.84,75.19,15.7,31.42,42.34,28.89,2.48,10.02,67.17,2.02,14.34,142.0,Moderate,2016,8,7,6,31,0.5622785142407141,47.120000000000005
44.04,82.26,16.52,34.27,48.51,29.3,1.37,8.48,73.28,1.93,11.98,141.0,Moderate,2016,8,8,0,32,0.5289454720153735,50.790000000000006
41.29,64.76,16.97,29.05,43.48,27.23,2.93,8.02,59.76,1.78,10.33,125.0,Moderate,2016,8,9,1,32,0.6278892944038929,46.019999999999996
39.28,54.92,15.91,30.76,43.16,29.55,1.6,9.75,53.53,1.92,11.58,127.0,Moderate,2016,8,10,2,32,0.7024320457796852,46.67
30.66,32.79,18.9,29.78,46.0,24.79,2.22,8.37,54.64,1.55,8.33,119.0,Moderate,2016,8,11,3,32,0.9073690440958864,48.68
42.15,84.46,31.69,34.9,66.83,23.83,1.39,8.73,70.12,2.22,11.94,111.0,Moderate,2016,8,12,4,32,0.4932131991575006,66.59
56.45,92.71,30.9,43.49,73.1,31.35,1.53,7.77,68.22,2.92,11.82,132.0,Moderate,2016,8,13,5,32,0.6023903532173728,74.39
40.81,80.14,38.03,42.53,81.71,32.09,1.28,12.53,81.39,2.39,12.1,149.0,Moderate,2016,8,14,6,32,0.5029578506285433,80.56
39.51,185.99,30.79,32.96,65.3,27.89,2.15,8.87,91.79,1.43,4.52,166.0,Moderate,2016,8,15,0,33,0.21129472164286858,63.75
49.04,245.72,25.06,28.74,53.79,26.6,3.78,7.97,83.64,0.9,3.17,274.0,Poor,2016,8,16,1,33,0.19876783398184175,53.8
62.19,247.59,24.1,36.46,58.74,25.64,0.95,11.16,85.32,2.15,8.31,295.0,Poor,2016,8,17,2,33,0.25017096423830404,60.56
55.55,132.65,22.7,51.48,65.74,30.91,1.23,9.22,72.82,2.48,11.8,219.0,Poor,2016,8,18,3,33,0.41563786008230447,74.17999999999999
59.03,153.16,22.45,43.97,62.04,28.14,1.15,8.84,69.54,2.83,15.47,169.0,Moderate,2016,8,19,4,33,0.38291385573430203,66.42
48.57,90.68,10.1,35.84,41.77,26.51,1.59,8.56,59.67,1.48,12.22,174.0,Moderate,2016,8,20,5,33,0.5297774869109947,45.940000000000005
28.01,65.58,5.42,27.58,29.64,23.44,3.11,9.02,42.88,1.1,4.52,111.0,Moderate,2016,8,21,6,33,0.42069690597777115,33.0
28.6,78.83,8.46,31.31,33.5,23.44,2.59,7.97,43.07,1.45,6.72,93.0,Satisfactory,2016,8,22,0,34,0.35826130527370664,39.769999999999996
38.99,85.48,7.8,39.47,40.84,26.3,1.25,8.06,50.23,3.22,11.41,107.0,Moderate,2016,8,23,1,34,0.4508556891766883,47.269999999999996
43.35,73.22,11.04,32.04,37.18,22.95,1.17,10.86,48.2,3.11,12.66,127.0,Moderate,2016,8,24,2,34,0.5840743734842361,43.08
45.88,118.92,28.83,35.41,56.77,30.36,0.99,8.23,32.24,8.35,14.36,93.0,Satisfactory,2016,8,25,3,34,0.3825883922615077,64.24
54.13,125.44,44.27,35.61,79.24,39.87,1.0,9.57,41.9,7.06,23.65,142.0,Moderate,2016,8,26,4,34,0.4281081936096172,79.88
56.56,216.73000000000002,7.36,20.84,20.11,38.04,0.36,7.91,26.55,7.29,16.03,93.0,Satisfactory,2016,8,27,5,34,0.2597712763514444,28.2
57.09,170.2,12.69,28.7,38.71,31.55,1.67,7.04,27.7,4.97,13.2,224.0,Poor,2016,8,28,6,34,0.33346962616822434,41.39
54.73,189.12,19.0,37.48,52.4,29.89,1.1,8.92,40.47,5.01,17.09,169.0,Moderate,2016,8,29,0,35,0.28787081843046497,56.48
48.93,89.57,17.92,42.73,53.37,29.36,1.12,9.22,41.9,4.12,18.54,110.0,Moderate,2016,8,30,1,35,0.5402451142762504,60.65
37.1,60.16,21.97,41.82,59.5,28.42,2.07,8.72,41.57,2.64,16.6,100.0,Satisfactory,2016,8,31,2,35,0.6066056245912361,63.79
28.06,47.47,32.06,51.78,87.95,23.08,1.22,9.47,54.7,2.55,13.23,109.0,Moderate,2016,9,1,3,35,0.5789147926552507,83.84
44.31,111.18,35.83,41.71,84.99,26.32,0.98,9.37,64.8,2.63,10.27,154.0,Moderate,2016,9,2,4,35,0.3949901943305402,77.53999999999999
46.77,208.01,30.88,40.85,76.16,23.2,0.91,10.09,68.7,2.73,10.03,216.0,Poor,2016,9,3,5,35,0.22376919764604566,71.73
57.64,269.42,32.6,31.96,68.02,22.02,0.91,9.05,56.8,2.03,6.07,262.0,Poor,2016,9,4,6,35,0.2131499149471193,64.56
45.37,246.81,35.47,33.42,72.7,19.68,1.17,9.87,57.01,1.42,4.49,260.0,Poor,2016,9,5,0,36,0.1830838142125015,68.89
50.42,282.23,31.2,34.74,69.03,19.05,2.99,10.61,61.24,1.91,5.54,329.0,Very Poor,2016,9,6,1,36,0.17801786533912367,65.94
50.73,233.83,30.1,39.21,70.35,18.99,2.16,14.63,75.45,2.19,7.1,291.0,Poor,2016,9,7,2,36,0.2160286164459396,69.31
71.72,260.6,31.37,39.69,70.75,20.58,1.41,12.02,63.76,2.31,8.63,300.0,Poor,2016,9,8,3,36,0.2741590214067278,71.06
87.99,277.61,34.45,43.67,76.55,21.51,2.39,10.34,49.75,2.63,9.22,335.0,Very Poor,2016,9,9,4,36,0.3158178098417142,78.12
45.7,190.45,29.83,38.14,63.72,21.07,0.75,10.81,55.82,2.4,9.22,240.0,Poor,2016,9,10,5,36,0.23870462261687128,67.97
45.89,164.1,32.14,40.58,67.7,20.4,2.36,10.92,52.36,2.08,6.37,177.0,Moderate,2016,9,11,6,36,0.27795275590551183,72.72
49.7,178.47,32.77,39.41,68.85,21.52,2.12,9.59,54.62,1.92,7.5,178.0,Moderate,2016,9,12,0,37,0.2769265058227002,72.18
57.08,184.5,31.66,43.84,75.96,25.79,1.62,10.93,63.46,2.47,13.54,193.0,Moderate,2016,9,13,1,37,0.3077088948787062,75.5
47.36,109.64,20.69,45.6,62.62,23.03,1.25,11.21,64.32,2.19,9.77,150.0,Moderate,2016,9,14,2,37,0.42805495300072305,66.29
79.99,198.81,21.15,54.73,69.82,28.2,1.26,11.6,77.97,3.1,10.98,215.0,Poor,2016,9,15,3,37,0.4003303137981082,75.88
67.11,185.86,17.87,57.22,67.78,27.03,0.95,12.39,70.09,2.71,8.79,233.0,Poor,2016,9,16,4,37,0.3591458846195012,75.09
81.9,207.91,28.14,56.8,83.1,29.48,0.99,12.78,75.84,2.55,8.73,220.0,Poor,2016,9,17,5,37,0.3920348475420038,84.94
86.16,185.57,17.63,56.82,67.1,29.26,1.28,10.89,74.51,2.35,8.81,266.0,Poor,2016,9,18,6,37,0.4618105804791767,74.45
75.02,143.48,24.51,67.37,74.28,34.17,1.08,14.63,88.62,1.9,5.99,192.0,Moderate,2016,9,19,0,38,0.5192414174972314,91.88000000000001
94.23,141.3,38.6,86.2,94.51,28.66,1.3,16.12,134.72,1.26,5.13,264.0,Poor,2016,9,20,1,38,0.6621925509486999,124.80000000000001
89.62,131.06,30.07,70.0,59.15,29.75,0.89,17.12,144.45,0.78,4.81,284.0,Poor,2016,9,21,2,38,0.6786309253369681,100.07
32.73,67.29,10.98,44.35,46.71,27.78,0.8,13.44,72.31,0.78,8.97,150.0,Moderate,2016,9,22,3,38,0.4792795431249084,55.33
55.64,125.31,13.63,57.24,64.51,29.48,1.18,13.77,78.31,1.21,8.94,134.0,Moderate,2016,9,23,4,38,0.44050352307814106,70.87
56.46,112.36,19.78,53.66,65.52,30.1,1.03,14.63,67.97,1.34,8.78,197.0,Moderate,2016,9,24,5,38,0.4980592801693719,73.44
56.64,137.48,29.6,55.69,81.12,27.69,1.24,15.5,73.87,1.23,7.19,175.0,Moderate,2016,9,25,6,38,0.4090121317157713,85.28999999999999
89.09,194.71,44.43,68.3,105.76,32.26,1.35,15.11,89.95,1.8,11.46,236.0,Poor,2016,9,26,0,39,0.45521434775944,112.72999999999999
52.49,109.5,10.51,41.03,46.9,29.98,0.71,13.68,62.19,0.88,5.71,185.0,Moderate,2016,9,27,1,39,0.47502262443438914,51.54
105.43,260.01,17.52,100.66,58.72,40.17,0.49,11.94,113.81,0.81,6.44,103.0,Moderate,2016,9,28,2,39,0.4039308838741811,118.17999999999999
101.84,189.62,11.5,63.0,51.96,37.22,0.97,15.28,96.64,1.15,5.75,289.0,Poor,2016,9,29,3,39,0.534256636239639,74.5
84.33,179.81,20.59,65.05,61.77,32.18,1.01,15.0,87.95,1.03,5.39,224.0,Poor,2016,9,30,4,39,0.4664011946241911,85.64
117.28,232.03,40.76,73.71,90.15,40.08,1.4,24.55,109.06,1.82,11.99,312.0,Very Poor,2016,10,1,5,39,0.5032828391194267,114.47
81.87,199.61,30.59,59.82,70.18,35.58,1.13,16.28,75.58,1.46,7.63,234.0,Poor,2016,10,2,6,39,0.40810527889935694,90.41
103.12,210.04,26.23,66.31,68.95,43.92,1.09,12.96,97.36,1.34,6.11,282.0,Poor,2016,10,3,0,40,0.4886277482941623,92.54
159.8,272.34,33.0,78.18,84.42,50.14,1.3,13.68,123.99,2.18,8.16,351.0,Very Poor,2016,10,4,1,40,0.5846198873198215,111.18
81.71,150.37,57.77,77.96,108.73,46.47,1.26,14.4,85.94,3.03,12.57,232.0,Poor,2016,10,5,2,40,0.539803131399881,135.73
117.86,229.25,42.23,87.85,98.02,54.59,1.3,15.09,109.08,2.95,10.35,280.0,Poor,2016,10,6,3,40,0.5118783930510314,130.07999999999998
114.06,274.97,61.5,74.99,105.6,47.26,1.28,14.63,97.13,1.9,6.14,311.0,Very Poor,2016,10,7,4,40,0.4133057941080552,136.49
132.11,317.62,81.06,76.99,126.03,42.99,1.54,14.9,98.7,2.16,6.68,408.0,Severe,2016,10,8,5,40,0.4146318498524889,158.05
144.47,317.13,85.77,92.64,134.38,43.55,1.42,17.2,128.17,2.35,12.39,416.0,Severe,2016,10,9,6,40,0.45412252852607427,178.41
125.8,290.85,79.04,88.86,126.5,39.72,1.24,17.3,112.52,2.65,11.52,387.0,Very Poor,2016,10,10,0,41,0.4310433441836559,167.9
134.84,327.75,62.55,83.87,120.1,36.52,1.6,16.52,104.67,2.09,5.34,408.0,Severe,2016,10,11,1,41,0.4101596958174905,146.42000000000002
114.3,309.88,70.71,83.3,123.85,31.55,1.05,20.1,93.47,2.28,5.67,405.0,Severe,2016,10,12,2,41,0.3676659804426145,154.01
86.93,295.1,102.46,81.11,113.0,27.85,0.84,19.17,78.81,2.26,7.16,371.0,Very Poor,2016,10,13,3,41,0.29358324890239784,183.57
94.83,303.27,90.53,87.15,111.96,29.54,1.31,20.72,87.84,1.9,7.31,375.0,Very Poor,2016,10,14,4,41,0.3116639826469912,177.68
144.98,368.81,80.18,108.83,104.39,34.74,1.26,22.1,120.33,2.27,8.31,400.0,Very Poor,2016,10,15,5,41,0.39203915524188093,189.01
132.01,316.53,79.81,89.01,109.33,34.88,1.32,24.72,99.74,1.64,7.21,430.0,Severe,2016,10,16,6,41,0.4157402450162189,168.82
149.35,346.31,105.43,94.29,129.43,37.11,2.19,27.27,112.83,2.22,11.14,425.0,Severe,2016,10,17,0,42,0.43001929112320403,199.72000000000003
161.49,352.64,80.88,95.27,118.3,39.9,1.6,22.25,101.0,2.12,9.35,438.0,Severe,2016,10,18,1,42,0.45665083135391926,176.14999999999998
140.57,339.79,105.08,91.52,85.54,39.26,1.48,24.66,73.0,1.63,6.63,428.0,Severe,2016,10,19,2,42,0.41248276064438505,196.6
135.9,361.08,169.53,90.28,98.14,44.98,1.83,24.72,107.03,2.09,7.52,425.0,Severe,2016,10,20,3,42,0.37533141847105617,259.81
161.11,477.65,166.64,88.27,107.99,46.41,2.14,26.66,32.06,4.5,10.99,496.0,Severe,2016,10,21,4,42,0.3365924997388489,254.90999999999997
140.92,442.68,140.89,84.96,115.83,47.03,1.44,20.7,53.5,3.61,9.22,472.0,Severe,2016,10,22,5,42,0.317616300036062,225.84999999999997
182.14,372.09,54.87,90.22,85.75,44.08,1.11,19.38,122.74,1.79,5.2,470.0,Severe,2016,10,23,6,42,0.4881931973518454,145.09
164.51,367.17,68.9,88.17,99.44,37.79,1.42,21.68,109.22,1.62,5.17,454.0,Severe,2016,10,24,0,43,0.44683162669419013,157.07
115.76,290.42,125.4,82.7,107.03,38.89,1.63,23.46,83.78,2.72,10.24,396.0,Very Poor,2016,10,25,1,43,0.3972273694324343,208.10000000000002
209.27,413.49,144.66,111.23,121.37,48.82,1.88,25.0,85.57,4.98,14.6,413.0,Severe,2016,10,26,2,43,0.5048855219667543,255.89
296.27,535.53,127.68,120.07,126.63,58.75,1.94,23.95,82.06,8.97,24.05,558.0,Severe,2016,10,27,3,43,0.5521965220956889,247.75
318.57,503.0,137.36,119.42,134.89,64.34,1.91,27.89,107.12,10.61,27.31,570.0,Severe,2016,10,28,4,43,0.6320833333333333,256.78000000000003
350.39,516.59,208.23,162.5,167.24,79.24,2.65,54.38,139.22,13.02,60.08,554.0,Severe,2016,10,29,5,43,0.6769643926660097,370.73
355.77,528.41,162.93,112.59,142.64,89.56,2.28,40.23,257.73,10.29,35.64,522.0,Severe,2016,10,30,6,43,0.6720122400408002,275.52
434.92,521.21,181.22,113.21,174.25,95.27,2.36,71.56,153.52,9.61,21.68,520.0,Severe,2016,10,31,0,44,0.8328450240324773,294.43
394.59,537.51,144.25,120.66,159.5,91.77,2.09,33.34,193.31,9.95,24.21,550.0,Severe,2016,11,1,1,44,0.7327440530352268,264.90999999999997
537.96,693.21,121.1,149.12,157.33,111.69,2.8,26.66,160.01,11.45,30.13,593.0,Severe,2016,11,2,2,44,0.7749240143472437,270.22
482.4,483.99,127.32,148.92,116.45,104.84,2.78,29.4,108.33,11.64,34.69,625.0,Severe,2016,11,3,3,44,0.9946596837048186,276.24
342.45,475.1,158.66,131.92,69.68,88.02,2.23,25.93,177.07,9.52,33.1,480.0,Severe,2016,11,4,4,44,0.719281663516068,290.58
588.39,763.58,135.71,113.31,90.09,89.1,2.2,22.21,39.05,7.31,16.61,603.0,Severe,2016,11,5,5,44,0.7695597582986737,249.02
685.36,708.8,155.53,128.15,97.62,96.22,3.23,22.61,39.21,9.98,27.66,676.0,Severe,2016,11,6,6,44,0.9655677655677657,283.68
488.57,527.64,159.5,123.36,94.03,72.81,2.21,23.88,33.33,8.95,23.12,716.0,Severe,2016,11,7,0,45,0.924201725181598,282.86
338.38,471.47,75.56,92.18,54.81,55.65,1.32,21.36,35.0,6.2,11.18,542.0,Severe,2016,11,8,1,45,0.71619362075899,167.74
307.08,415.79,111.51,103.26,67.31,58.89,1.38,21.52,33.89,6.99,13.52,455.0,Severe,2016,11,9,2,45,0.7367739149211833,214.77
291.71,464.27,124.82,133.98,63.54,73.93,1.61,29.45,42.27,5.66,16.26,471.0,Severe,2016,11,10,3,45,0.6269692866507619,258.79999999999995
295.88,491.38,139.59,147.03,56.6,88.96,1.62,35.04,50.03,6.49,22.29,514.0,Severe,2016,11,11,4,45,0.6009179901701938,286.62
277.67,437.21,145.02,127.18,54.53,81.99,1.49,34.7,43.22,5.22,18.04,491.0,Severe,2016,11,12,5,45,0.633645968827731,272.20000000000005
228.16,388.97,158.78,113.74,54.67,67.76,1.24,51.78,66.96,5.0,14.05,469.0,Severe,2016,11,13,6,45,0.5850706464599841,272.52
194.2,266.97,177.98,119.58,63.27,49.95,0.91,22.7,63.1,3.09,8.37,404.0,Severe,2016,11,14,0,46,0.7247079897003394,297.56
236.09,399.5,152.13,116.66,80.86,59.24,1.49,21.98,37.37,6.53,16.84,379.0,Very Poor,2016,11,15,1,46,0.5894881398252185,268.78999999999996
291.98,391.88,131.41,109.65,79.95,53.33,1.34,23.97,35.58,6.64,16.56,428.0,Severe,2016,11,16,2,46,0.7431785787008757,241.06
351.47,412.95,69.58,96.23,60.3,41.1,0.73,21.65,37.74,5.08,11.4,504.0,Severe,2016,11,17,3,46,0.8490638966058703,165.81
237.21,409.98,92.48,102.95,55.83,43.06,0.87,23.11,37.26,5.05,11.2,512.0,Severe,2016,11,18,4,46,0.5771813713562703,195.43
285.71,412.35,112.39,114.11,63.07,55.83,1.16,30.47,48.81,6.3,22.82,494.0,Severe,2016,11,19,5,46,0.6912059997580742,226.5
323.74,350.18,120.28,117.17,39.98,80.15,1.52,27.23,53.69,6.63,27.78,438.0,Severe,2016,11,20,6,46,0.9218634318583063,237.45
340.61,439.26,165.78,128.85,62.48,81.94,1.6,26.25,50.47,7.12,21.98,474.0,Severe,2016,11,21,0,47,0.7736564757188934,294.63
281.76,399.82,127.69,111.52,58.08,63.32,1.55,25.26,32.17,5.53,14.85,471.0,Severe,2016,11,22,1,47,0.702958934184921,239.20999999999998
174.56,443.12,103.4,98.73,58.08,48.28,1.24,30.13,38.25,5.12,10.79,432.0,Severe,2016,11,23,2,47,0.39304692425470594,202.13
216.1,478.72,133.15,109.5,84.1,55.54,1.21,22.29,35.12,5.57,12.74,397.0,Very Poor,2016,11,24,3,47,0.4504711081464187,242.65
136.21,399.13,32.87,68.9,39.01,28.84,0.41,20.99,40.07,3.18,6.51,375.0,Very Poor,2016,11,25,4,47,0.34041436533126734,101.77000000000001
113.3,325.47,37.55,70.01,43.19,25.22,0.46,23.22,39.94,3.24,6.72,330.0,Very Poor,2016,11,26,5,47,0.3470456703525592,107.56
128.7,336.16,35.91,71.29,40.84,26.73,0.65,22.68,38.99,3.16,5.83,347.0,Very Poor,2016,11,27,6,47,0.3817178787519278,107.2
127.5,312.58,90.6,82.99,46.87,28.3,0.91,29.33,36.12,4.29,9.66,274.0,Poor,2016,11,28,0,48,0.4065948083423688,173.58999999999997
236.58,489.62,158.47,133.28,88.78,64.54,1.75,27.59,40.89,7.42,21.69,360.0,Very Poor,2016,11,29,1,48,0.48220618808854104,291.75
246.25,437.91,80.12,95.64,54.63,84.51,1.16,20.23,44.16,5.82,15.23,441.0,Severe,2016,11,30,2,48,0.5610489622018181,175.76
263.61,473.72,100.79,83.15,59.64,79.35,1.25,19.08,49.44,7.06,22.44,418.0,Severe,2016,12,1,3,48,0.5552957532861477,183.94
263.25,422.11,143.08,101.67,79.26,77.5,1.05,20.38,34.89,8.15,18.27,474.0,Severe,2016,12,2,4,48,0.6221786296707712,244.75
196.6,432.38,102.23,97.75,54.62,51.11,1.41,23.49,34.86,7.23,16.4,419.0,Severe,2016,12,3,5,48,0.4536434537819004,199.98000000000002
223.3,426.63,135.19,109.4,54.22,68.69,1.93,22.96,33.98,7.43,18.49,379.0,Very Poor,2016,12,4,6,48,0.5221803895891308,244.59
204.6,417.29,91.66,78.79,39.67,27.41,1.55,23.92,31.6,5.88,12.62,389.0,Very Poor,2016,12,5,0,49,0.48913433264003436,170.45
293.91,497.31,110.07,96.68,69.09,56.8,1.86,23.11,38.89,9.28,23.99,402.0,Severe,2016,12,6,1,49,0.5898135698661476,206.75
283.61,414.27,64.52,81.86,59.67,49.99,1.34,23.69,53.91,8.84,20.43,472.0,Severe,2016,12,7,2,49,0.6829532593252583,146.38
238.21,374.88,70.46,72.44,52.25,36.31,1.53,22.2,36.02,7.67,15.66,422.0,Severe,2016,12,8,3,49,0.6337394913270193,142.89999999999998
295.62,502.98,106.85,71.44,62.21,40.93,1.66,23.47,38.31,7.92,19.77,443.0,Severe,2016,12,9,4,49,0.586570895670463,178.29
189.09,249.35,30.67,58.86,29.83,34.4,0.84,20.83,41.6,5.22,9.15,413.0,Severe,2016,12,10,5,49,0.7553025763930498,89.53
199.12,294.81,46.99,50.79,27.33,29.59,1.25,22.65,37.83,6.73,14.23,351.0,Very Poor,2016,12,11,6,49,0.6731347824617153,97.78
210.28,365.65,138.78,76.9,56.19,50.66,2.39,23.52,30.87,8.52,20.42,418.0,Severe,2016,12,12,0,50,0.5735169780444566,215.68
209.91,438.88,143.91,76.81,60.13,40.75,1.32,21.71,32.12,8.55,20.95,413.0,Severe,2016,12,13,1,50,0.47719832681640445,220.72
154.55,336.29,81.54,66.38,45.44,39.57,0.92,18.5,33.54,7.35,15.83,379.0,Very Poor,2016,12,14,2,50,0.4582110350143793,147.92000000000002
167.64,345.07,67.1,61.53,30.43,32.77,1.06,20.65,34.65,6.85,11.87,359.0,Very Poor,2016,12,15,3,50,0.48441066836189206,128.63
200.78,443.63,137.47,85.26,53.52,42.38,1.45,23.5,33.68,7.66,17.03,390.0,Very Poor,2016,12,16,4,50,0.45156647099835817,222.73000000000002
229.35,450.31,110.1,88.54,45.05,52.64,1.16,21.22,33.35,7.31,15.69,437.0,Severe,2016,12,17,5,50,0.5081872770379562,198.64
232.33,433.94,110.14,86.92,62.67,61.3,1.17,21.99,34.3,5.98,12.53,411.0,Severe,2016,12,18,6,50,0.5341656320412012,197.06
236.24,445.54,87.1,88.02,65.09,61.04,0.92,21.32,31.86,5.95,10.48,443.0,Severe,2016,12,19,0,51,0.5290455502306625,175.12
161.92,324.2,34.1,68.35,45.61,45.61,0.61,22.9,34.48,3.64,5.67,377.0,Very Poor,2016,12,20,1,51,0.49790897908979087,102.44999999999999
131.95,291.75,51.31,66.67,44.05,40.01,0.81,22.63,33.78,4.0,6.24,317.0,Very Poor,2016,12,21,2,51,0.45072587532023906,117.98
187.3,399.43,99.49,82.03,51.92,50.67,1.14,24.9,37.52,5.12,9.98,349.0,Very Poor,2016,12,22,3,51,0.46774717179032543,181.51999999999998
364.15,616.99,149.58,122.88,67.02,90.37,1.92,22.09,45.0,7.55,18.78,470.0,Severe,2016,12,23,4,51,0.5892490169743847,272.46000000000004
411.8,605.65,93.94,114.03,41.37,99.22,1.65,19.54,41.56,7.38,22.05,576.0,Severe,2016,12,24,5,51,0.6788098574136653,207.97
232.41,346.57,30.11,59.88,36.84,61.98,0.7,19.37,38.99,4.04,7.14,412.0,Severe,2016,12,25,6,51,0.6686710590672382,89.99000000000001
154.26,307.64,61.69,65.49,56.57,51.87,0.66,22.82,36.31,4.36,7.7,338.0,Very Poor,2016,12,26,0,52,0.499805598755832,127.17999999999999
213.2,395.37,114.55,93.45,56.14,47.88,0.94,24.51,36.9,6.13,11.06,319.0,Very Poor,2016,12,27,1,52,0.5378812725483765,208.0
273.82,515.41,192.34,129.41,67.59,60.4,1.61,26.1,40.19,7.04,16.43,455.0,Severe,2016,12,28,2,52,0.5302376019054628,321.75
339.96,535.68,103.69,108.76,33.56,88.44,1.3,21.6,55.09,7.29,18.01,524.0,Severe,2016,12,29,3,52,0.6334501006186182,212.45
231.1,368.9,30.99,62.46,33.89,54.58,0.96,23.47,43.97,6.93,12.43,381.0,Very Poor,2016,12,30,4,52,0.6247634495809679,93.45
211.16,353.61,40.62,56.66,44.59,52.53,1.14,23.82,42.84,8.03,17.16,338.0,Very Poor,2016,12,31,5,52,0.5954710809057838,97.28
191.5,402.31,103.24,66.19,55.29,55.92,1.31,25.13,50.03,8.39,19.94,332.0,Very Poor,2017,1,1,6,52,0.4748208574049738,169.43
247.79,440.18,221.03,95.55,80.85,66.57,1.47,22.29,47.86,8.96,18.92,384.0,Very Poor,2017,1,2,0,1,0.5616528401106125,316.58
255.33,390.67,155.29,90.79,53.89,58.97,1.28,25.33,42.9,7.65,13.96,373.0,Very Poor,2017,1,3,1,1,0.6519008348865116,246.07999999999998
248.01,341.15,186.07,91.07,71.88,68.53,1.55,23.11,41.13,7.26,16.51,439.0,Severe,2017,1,4,2,1,0.7248575186321788,277.14
215.42,352.83,141.69,87.15,64.41,61.04,1.24,25.15,41.95,5.73,12.89,318.0,Very Poor,2017,1,5,3,1,0.6088234462877653,228.84
194.12,278.62,67.81,65.86,37.59,58.18,0.9,20.52,44.04,5.01,11.17,390.0,Very Poor,2017,1,6,4,1,0.6942278806952292,133.67000000000002
154.52,170.19,20.42,38.85,20.32,36.9,0.77,22.19,47.75,4.48,7.42,332.0,Very Poor,2017,1,7,5,1,0.9026228167533151,59.27
136.98,218.67,37.15,52.31,28.25,29.21,0.63,32.22,45.09,3.54,8.22,283.0,Poor,2017,1,8,6,1,0.6235717212181909,89.46000000000001
141.88,266.86,76.63,64.33,57.96,36.32,0.77,24.76,42.66,5.04,10.38,300.0,Poor,2017,1,9,0,2,0.5296796834167101,140.95999999999998
108.26,239.51,55.04,59.2,49.05,28.52,0.71,19.1,36.04,3.76,7.49,305.0,Very Poor,2017,1,10,1,2,0.45012681385389386,114.24000000000001
146.04,314.69,65.31,67.72,56.02,31.36,0.79,21.36,29.92,4.36,7.8,337.0,Very Poor,2017,1,11,2,2,0.46260572080205264,133.03
216.73,423.24,111.19,79.35,75.14,43.41,0.95,20.33,32.17,6.13,11.09,417.0,Severe,2017,1,12,3,2,0.5108664906656609,190.54
232.37,426.02,109.5,85.07,71.97,45.76,1.03,24.71,33.09,6.29,12.12,426.0,Severe,2017,1,13,4,2,0.5441665495761323,194.57
309.28,318.52,113.37,84.75,49.23,36.49,0.37,11.7,29.53,3.22,7.2,439.0,Severe,2017,1,14,5,2,0.9679519278918377,198.12
222.66,281.83,45.03,63.97,33.71,24.33,0.45,17.67,24.93,3.04,6.1,382.0,Very Poor,2017,1,15,6,2,0.7872573630802956,109.0
188.08,284.88,38.14,60.94,37.11,39.47,0.93,20.6,33.86,3.98,7.94,397.0,Very Poor,2017,1,16,0,3,0.6578984189170282,99.08
177.67,206.63,39.9,51.44,35.24,33.13,0.63,18.44,36.21,3.79,6.3,330.0,Very Poor,2017,1,17,1,3,0.8557048596060299,91.34
218.63,268.67,57.03,66.94,38.35,31.97,0.7,20.52,34.21,6.36,13.3,358.0,Very Poor,2017,1,18,2,3,0.8107316349612489,123.97
227.68,225.03,30.18,55.95,22.56,25.48,0.6,20.86,34.42,5.75,11.47,376.0,Very Poor,2017,1,19,3,3,1.007299915940362,86.13
217.55,207.03,43.74,63.7,36.69,31.55,0.6,22.23,39.1,4.8,9.03,334.0,Very Poor,2017,1,20,4,3,1.0457626303898477,107.44
349.98,226.74,51.87,63.36,30.05,19.27,0.03,17.93,18.33,1.05,1.49,387.0,Very Poor,2017,1,21,5,3,1.5367524369895496,115.22999999999999
286.6,360.04,78.33,63.71,38.59,24.1,0.09,18.75,19.1,1.24,2.6,446.0,Severe,2017,1,22,6,3,0.793817859516951,142.04
189.45,277.25,80.42,67.27,46.06,33.51,0.53,20.61,20.57,3.67,8.67,379.0,Very Poor,2017,1,23,0,4,0.6808625336927223,147.69
230.94,386.49,122.41,92.12,77.3,56.08,1.3,24.56,37.93,7.11,18.8,375.0,Very Poor,2017,1,24,1,4,0.5959895739244884,214.53
241.78,370.37,128.62,88.02,51.5,69.27,1.08,23.95,40.58,7.0,21.75,450.0,Severe,2017,1,25,2,4,0.6510488192368796,216.64
135.87,166.57,22.6,50.39,27.1,48.42,0.32,22.04,34.78,3.7,8.16,340.0,Very Poor,2017,1,26,3,4,0.8108253267291282,72.99000000000001
74.92,80.21,32.05,42.24,31.15,31.84,0.35,18.11,36.05,2.29,4.47,203.0,Poor,2017,1,27,4,4,0.9225464844231007,74.28999999999999
109.13,144.49,34.83,45.82,33.52,28.3,0.44,18.1,36.87,3.75,6.52,236.0,Poor,2017,1,28,5,4,0.750085916557839,80.65
132.35,171.91,39.04,46.68,34.02,28.3,0.35,18.12,39.39,3.36,5.81,252.0,Poor,2017,1,29,6,4,0.7654271008038864,85.72
166.71,276.2,110.02,65.43,57.64,40.53,0.83,20.29,36.47,5.54,10.22,302.0,Very Poor,2017,1,30,0,5,0.6014069264069265,175.45
214.23,316.16,176.81,82.78,73.16,54.92,0.79,22.81,35.58,6.63,18.38,358.0,Very Poor,2017,1,31,1,5,0.6754634884600832,259.59000000000003
136.02,251.31,97.62,64.08,50.05,46.63,0.9,19.51,34.75,4.32,9.29,317.0,Very Poor,2017,2,1,2,5,0.5390987277555389,161.7
198.24,410.79,190.34,93.86,67.78,60.67,1.26,18.84,36.78,6.76,15.89,387.0,Very Poor,2017,2,2,3,5,0.48141042764515896,284.2
194.99,427.02,155.9,88.38,66.62,62.33,1.26,19.98,39.02,5.72,14.11,438.0,Severe,2017,2,3,4,5,0.45556282416709504,244.28
186.65,324.14,70.65,62.01,40.48,57.26,0.92,17.04,43.9,4.05,11.24,407.0,Severe,2017,2,4,5,5,0.5740604047487237,132.66
146.49,286.46,33.48,49.57,29.4,40.73,0.84,18.3,44.68,2.87,6.0,312.0,Very Poor,2017,2,5,6,5,0.5096013358380297,83.05
176.04,414.89,87.2,60.62,54.74,46.21,1.03,17.23,35.21,4.0,9.33,367.0,Very Poor,2017,2,6,0,6,0.4232850032460506,147.82
77.85,218.27,31.01,55.29,34.25,28.73,0.62,16.07,36.12,2.5,5.44,263.0,Poor,2017,2,7,1,6,0.35504172937474343,86.3
129.1,325.78,66.7,69.98,54.66,31.42,0.83,17.2,34.28,3.57,7.19,287.0,Poor,2017,2,8,2,6,0.39506701756533447,136.68
133.12,303.04,61.19,67.24,53.3,39.7,0.75,20.84,36.78,3.34,7.05,346.0,Very Poor,2017,2,9,3,6,0.43783712669385605,128.43
120.43,272.12,66.43,62.77,55.46,47.34,0.68,20.09,35.09,3.17,5.86,314.0,Very Poor,2017,2,10,4,6,0.4409417106033978,129.20000000000002
129.09,275.18,92.87,58.31,59.11,55.54,0.54,17.55,31.87,2.84,5.56,314.0,Very Poor,2017,2,11,5,6,0.4674125570280252,151.18
166.55,250.37,97.85,56.97,61.64,95.27,0.38,19.9,31.11,2.2,3.89,314.0,Very Poor,2017,2,12,6,6,0.6625691212157377,154.82
130.62,268.92,81.77,73.3,61.81,51.62,0.79,21.25,36.88,3.71,8.26,298.0,Poor,2017,2,13,0,7,0.48392116182572614,155.07
168.96,358.24,65.02,81.51,57.92,50.31,0.87,21.87,35.28,4.04,7.54,319.0,Very Poor,2017,2,14,1,7,0.47032624429350856,146.53
183.98,386.01,82.12,82.14,64.01,54.38,0.78,21.26,31.92,4.76,8.33,382.0,Very Poor,2017,2,15,2,7,0.47538823286219994,164.26
163.86,335.5,62.07,78.82,55.79,55.87,0.72,21.02,31.57,3.67,7.68,352.0,Very Poor,2017,2,16,3,7,0.4869539375928678,140.89
112.02,330.9,50.86,72.55,52.64,53.4,0.71,19.33,32.42,3.42,6.45,309.0,Very Poor,2017,2,17,4,7,0.3375112985839108,123.41
107.13,352.54,81.6,71.98,57.13,62.34,0.66,19.29,30.24,4.05,7.84,301.0,Very Poor,2017,2,18,5,7,0.30302087458279114,153.57999999999998
109.38,364.83,105.3,68.84,64.27,75.4,0.78,18.33,29.1,3.12,6.7,274.0,Poor,2017,2,19,6,7,0.298991334772982,174.14
126.74,406.49,152.15,67.45,82.63,83.01,1.06,23.96,35.07,3.79,11.64,313.0,Very Poor,2017,2,20,0,8,0.3110260374487717,219.60000000000002
106.92,303.47,67.69,60.72,60.22,66.01,0.7,19.57,33.71,3.44,5.9,310.0,Very Poor,2017,2,21,1,8,0.3511676027194797,128.41
93.03,270.3,84.46,65.62,62.23,58.5,0.8,19.84,38.35,3.83,10.09,258.0,Poor,2017,2,22,2,8,0.34290453372650204,150.07999999999998
182.29,158.96,37.77,55.22,34.91,38.51,0.27,13.77,44.58,2.29,4.93,238.0,Poor,2017,2,23,3,8,1.1395973993498374,92.99000000000001
451.25,104.82,22.53,42.2,16.05,29.63,0.0,6.64,55.11,0.33,2.44,449.0,Severe,2017,2,24,4,8,4.2643167643167645,64.73
425.22,103.74,28.71,46.64,19.0,34.4,0.0,8.41,55.2,0.39,2.19,516.0,Severe,2017,2,25,5,8,4.059767042199733,75.35
328.23,198.09,50.17,59.34,38.8,40.72,0.41,17.55,31.79,1.84,5.09,520.0,Severe,2017,2,26,6,8,1.6486513637048572,109.51
178.5,255.65,68.74,72.8,57.4,43.29,0.8,21.66,35.64,3.67,7.86,363.0,Very Poor,2017,2,27,0,9,0.6954997077732321,141.54
149.73,382.34,135.95,94.66,72.79,76.09,1.42,28.15,38.79,5.21,15.38,362.0,Very Poor,2017,2,28,1,9,0.39059320707465955,230.60999999999999
127.9,359.47,122.04,79.46,60.34,73.27,0.92,24.07,45.24,5.06,14.64,397.0,Very Poor,2017,3,1,2,9,0.3548145476738702,201.5
114.68,300.55,64.39,69.08,48.81,62.98,0.47,23.53,35.22,3.36,9.96,280.0,Poor,2017,3,2,3,9,0.38030177416680483,133.47
67.83,181.19,45.45,56.64,41.38,41.85,0.57,19.69,32.02,2.78,7.1,206.0,Poor,2017,3,3,4,9,0.37230363905812613,102.09
82.32,196.84,48.61,60.55,44.96,39.3,0.57,22.03,27.77,3.6,7.78,190.0,Moderate,2017,3,4,5,9,0.41609381318236954,109.16
90.6,229.62,42.58,61.48,43.44,34.4,0.69,25.34,31.88,3.71,6.61,210.0,Poor,2017,3,5,6,9,0.3928540456161651,104.06
91.6,242.14,47.05,64.99,47.02,33.66,0.76,26.91,30.68,3.63,6.57,201.0,Poor,2017,3,6,0,10,0.37673768199391294,112.03999999999999
112.41,307.78,84.73,65.16,58.96,43.71,0.89,30.7,34.43,4.43,11.46,243.0,Poor,2017,3,7,1,10,0.36404559880821297,149.89
134.4,224.36,37.88,49.88,33.11,36.04,0.43,24.14,35.35,2.93,6.45,267.0,Poor,2017,3,8,2,10,0.5963791267305644,87.76
106.45,142.78,36.2,39.68,21.71,32.12,0.23,20.15,45.45,2.28,5.59,245.0,Poor,2017,3,9,3,10,0.7403672277089999,75.88
68.88,106.39,23.17,33.32,15.14,25.51,0.21,17.93,47.51,1.58,4.4,165.0,Moderate,2017,3,10,4,10,0.6414005028401154,56.49
37.49,110.65,29.5,32.0,17.11,24.61,0.25,19.4,47.14,1.84,5.33,102.0,Moderate,2017,3,11,5,10,0.33578145991939096,61.5
64.42,169.87,31.79,32.11,17.93,24.24,0.26,20.11,42.82,2.76,5.78,159.0,Moderate,2017,3,12,6,10,0.3770117633288465,63.9
74.58,182.79,17.82,27.78,11.86,21.02,0.24,19.33,34.2,2.78,3.95,174.0,Moderate,2017,3,13,0,11,0.40578921595298983,45.6
102.46,284.27,36.09,34.28,21.26,22.58,0.4,22.37,34.99,3.56,7.23,270.0,Poor,2017,3,14,1,11,0.35916850702842923,70.37
112.71,319.97,59.15,42.06,30.58,37.36,0.45,23.96,32.01,3.83,9.02,397.0,Very Poor,2017,3,15,2,11,0.35115431348724174,101.21000000000001
125.8,348.95,73.95,42.18,35.0,43.07,0.52,23.59,31.9,3.93,9.51,371.0,Very Poor,2017,3,16,3,11,0.35947992570367193,116.13
114.07,288.64,36.4,38.7,20.84,29.62,0.65,21.42,32.6,3.29,6.72,328.0,Very Poor,2017,3,17,4,11,0.3938337246236708,75.1
96.39,267.96,43.27,46.65,25.98,33.5,0.6,22.29,33.42,3.35,7.45,254.0,Poor,2017,3,18,5,11,0.3583804283164783,89.92
120.43,350.42,80.86,51.65,41.4,43.17,0.81,22.89,31.83,4.4,9.77,342.0,Very Poor,2017,3,19,6,11,0.34269535029309656,132.51
121.21,332.73,41.69,49.53,26.14,34.32,0.77,22.25,30.92,3.66,6.47,367.0,Very Poor,2017,3,20,0,12,0.36319779462439694,91.22
128.51,365.67,46.31,51.94,29.59,33.99,0.83,24.38,28.61,4.41,7.75,400.0,Very Poor,2017,3,21,1,12,0.35047863201243623,98.25
120.88,405.64,86.41,69.31,31.85,49.03,0.58,28.88,20.88,4.89,10.6,390.0,Very Poor,2017,3,22,2,12,0.2972653944520952,155.72
151.17,342.53,135.8,70.55,29.17,73.23,0.55,27.21,31.7,2.33,5.55,417.0,Severe,2017,3,23,3,12,0.4400489040258493,206.35000000000002
149.42,282.88,45.21,79.52,32.77,76.02,0.68,22.09,19.74,1.7,3.68,359.0,Very Poor,2017,3,24,4,12,0.5263491616175848,124.72999999999999
168.23,254.71,49.68,83.82,45.26,59.37,0.31,15.18,22.26,1.5,2.76,309.0,Very Poor,2017,3,25,5,12,0.6578937077157717,133.5
118.34,247.77,43.09,78.84,42.21,53.05,0.31,14.85,23.14,1.56,2.36,292.0,Poor,2017,3,26,6,12,0.4757004461952808,121.93
156.38,218.98,38.44,79.24,40.77,52.56,0.33,17.55,23.49,1.53,2.67,278.0,Poor,2017,3,27,0,13,0.7108828075279571,117.67999999999999
152.66,289.95,61.08,85.54,53.58,61.73,0.42,18.24,18.81,2.47,4.81,320.0,Very Poor,2017,3,28,1,13,0.5246949647705792,146.62
113.62,311.56,77.91,75.87,59.57,58.95,0.45,17.26,15.36,3.28,5.26,350.0,Very Poor,2017,3,29,2,13,0.36351420527258765,153.78
69.44,204.22,61.61,76.28,46.32,57.35,0.37,23.72,14.88,1.59,2.94,234.0,Poor,2017,3,30,3,13,0.338368580060423,137.89
91.19,285.69,76.66,84.22,56.29,67.36,0.41,20.48,22.61,2.01,4.14,233.0,Poor,2017,3,31,4,13,0.31807876103107885,160.88
105.71,291.02,84.88,81.75,63.72,68.33,0.52,20.05,22.94,2.85,6.71,341.0,Very Poor,2017,4,1,5,13,0.3619957537154989,166.63
83.36,210.86,49.44,77.96,46.98,59.67,0.42,19.33,34.73,2.13,4.93,259.0,Poor,2017,4,2,6,13,0.3934673841215897,127.39999999999999
70.62,192.27,55.93,83.8,49.07,58.96,0.37,24.03,32.92,1.52,3.35,204.0,Poor,2017,4,3,0,14,0.36539556061468415,139.73
84.4,234.82,57.09,73.67,43.73,63.38,0.39,24.14,31.95,1.58,2.83,220.0,Poor,2017,4,4,1,14,0.3579000932914935,130.76
47.67,207.72,34.82,64.65,34.67,66.8,0.32,19.75,29.86,1.09,4.83,255.0,Poor,2017,4,5,2,14,0.22839210425450365,99.47
62.44,252.48,39.61,67.13,39.78,59.04,0.3,17.21,30.66,0.96,2.04,211.0,Poor,2017,4,6,3,14,0.24633107148492978,106.74
150.76,543.0,61.75,74.99,47.72,51.4,0.35,27.69,35.44,1.68,3.49,428.0,Severe,2017,4,7,4,14,0.27713235294117644,136.74
151.25,410.15,104.57,77.6,56.4,55.26,0.48,33.4,36.52,2.03,3.68,497.0,Severe,2017,4,8,5,14,0.36787060683448863,182.17
68.88,190.42,36.79,68.1,34.4,38.77,0.27,22.78,52.48,0.89,1.81,289.0,Poor,2017,4,9,6,14,0.35983700762720716,104.88999999999999
129.15,237.88,33.56,72.06,34.8,37.48,0.29,21.85,54.89,1.16,2.21,285.0,Poor,2017,4,10,0,15,0.5406480241125251,105.62
146.59,253.07,40.88,71.58,39.52,40.69,0.33,24.49,45.45,1.83,6.95,368.0,Very Poor,2017,4,11,1,15,0.5769669776045971,112.46000000000001
107.69,309.37,45.69,61.17,50.77,43.01,0.64,32.76,33.49,3.08,17.79,304.0,Very Poor,2017,4,12,2,15,0.34697296774817155,106.86
163.97,375.82,146.3,87.79,59.71,54.53,1.06,43.82,27.66,4.98,22.01,377.0,Very Poor,2017,4,13,3,15,0.43514144684464734,234.09000000000003
184.69,371.87,140.56,110.15,65.91,67.47,1.1,50.31,43.31,6.04,29.96,418.0,Severe,2017,4,14,4,15,0.4953200847480355,250.71
176.54,343.62,156.79,102.4,58.09,63.27,1.0,42.8,28.5,6.94,42.03,355.0,Very Poor,2017,4,15,5,15,0.5122743891822877,259.19
175.23,409.95,114.73,102.55,57.91,38.41,1.12,62.6,40.1,8.34,41.02,416.0,Severe,2017,4,16,6,15,0.42640223871517213,217.28
145.22,389.03,62.73,102.55,48.4,42.18,0.75,42.39,35.43,5.76,31.63,403.0,Severe,2017,4,17,0,16,0.37233033356408485,165.28
152.84,400.78,56.91,88.05,32.95,41.14,0.4,44.15,28.65,5.52,23.71,415.0,Severe,2017,4,18,1,16,0.38040718801334067,144.95999999999998
136.35,356.47,90.13,80.08,43.78,50.75,0.67,41.33,32.02,4.79,21.33,412.0,Severe,2017,4,19,2,16,0.3814306095616415,170.20999999999998
152.99,324.19,145.19,93.15,64.74,64.48,0.9,37.38,49.2,4.42,18.78,394.0,Very Poor,2017,4,20,3,16,0.47046342138442143,238.34
130.13,409.7,43.34,103.25,32.82,54.57,0.54,30.82,56.86,2.39,14.76,357.0,Very Poor,2017,4,21,4,16,0.31684928171414656,146.59
110.54,263.66,38.45,93.8,20.08,39.46,0.0,14.45,44.44,0.5,0.0,291.0,Poor,2017,4,22,5,16,0.4176679513337867,132.25
103.42,260.82,69.5,75.05,37.43,40.33,0.28,29.4,55.86,1.0,5.6,244.0,Poor,2017,4,23,6,16,0.3950042013597128,144.55
99.09,266.24,59.96,61.32,37.61,34.43,1.09,31.95,42.6,2.04,18.62,287.0,Poor,2017,4,24,0,17,0.37079030085316567,121.28
96.07,287.92,46.18,69.59,44.02,31.0,0.63,39.9,50.43,2.06,14.87,254.0,Poor,2017,4,25,1,17,0.3325141907794545,115.77000000000001
72.31,189.5,69.69,72.94,57.76,34.01,0.63,29.27,38.6,1.62,18.82,242.0,Poor,2017,4,26,2,17,0.37958005249343835,142.63
93.14,271.06,73.82,73.49,59.27,37.41,0.72,46.69,41.04,2.0,15.72,223.0,Poor,2017,4,27,3,17,0.3423509519958833,147.31
109.36,271.94,61.19,68.76,52.75,33.57,0.86,39.58,33.66,2.14,13.35,243.0,Poor,2017,4,28,4,17,0.40067414083681396,129.95
126.74,303.75,82.18,85.21,66.92,42.48,1.1,54.52,40.95,3.13,16.23,237.0,Poor,2017,4,29,5,17,0.4158818703855619,167.39
80.81,234.05,33.5,65.55,32.27,34.42,0.71,46.62,57.8,2.1,13.6,275.0,Poor,2017,4,30,6,17,0.34379919166134865,99.05
85.8,211.83,64.66,70.38,41.01,40.22,1.05,56.64,42.85,2.89,16.32,183.0,Moderate,2017,5,1,0,18,0.4031386552647653,135.04
198.2,313.23,133.01,108.48,65.63,44.95,1.41,50.78,58.08,3.14,16.69,370.0,Very Poor,2017,5,2,1,18,0.6307481780861152,241.49
145.74,367.73,62.01,97.21,58.52,44.27,1.06,54.83,43.78,3.15,16.32,419.0,Severe,2017,5,3,2,18,0.3952485558538768,159.22
109.91,302.02,44.86,67.76,43.5,34.41,0.83,34.97,45.95,1.7,12.37,317.0,Very Poor,2017,5,4,3,18,0.36271533232129893,112.62
207.4,429.32,68.51,75.66,56.71,32.24,0.99,46.67,50.69,3.17,12.7,455.0,Severe,2017,5,5,4,18,0.48196690834727646,144.17000000000002
204.56,363.53,126.22,92.19,74.14,37.01,1.5,51.7,43.3,3.96,16.74,435.0,Severe,2017,5,6,5,18,0.5611609469728144,218.41
220.77,376.33,150.24,92.34,91.72,41.82,2.08,45.39,42.33,4.33,17.84,468.0,Severe,2017,5,7,6,18,0.585084673892879,242.58
183.82,392.34,78.17,94.19,68.74,50.62,1.34,52.99,39.49,4.58,16.63,442.0,Severe,2017,5,8,0,19,0.4673310621853867,172.36
109.76,334.65,24.91,65.21,35.7,36.69,0.64,36.94,43.99,2.73,21.07,400.0,Very Poor,2017,5,9,1,19,0.32700729927007305,90.11999999999999
74.42,242.54,11.75,46.48,21.01,34.59,0.6,35.61,61.69,1.94,14.05,223.0,Poor,2017,5,10,2,19,0.305576086063891,58.23
94.28,263.87,25.99,62.22,35.29,30.7,0.85,44.94,68.53,2.83,17.74,220.0,Poor,2017,5,11,3,19,0.3559482010042662,88.21
216.96,500.59,47.65,70.84,46.27,35.38,0.89,65.5,66.7,3.33,18.9,474.0,Severe,2017,5,12,4,19,0.4325445084630874,118.49000000000001
198.09,356.85,72.18,87.53,69.94,42.62,1.17,53.24,63.83,4.61,26.2,479.0,Severe,2017,5,13,5,19,0.5535559592007824,159.71
121.76,334.51,61.83,70.37,58.22,32.57,0.89,44.98,41.08,4.09,23.08,373.0,Very Poor,2017,5,14,6,19,0.3629101964173944,132.2
135.54,381.35,89.05,75.55,69.21,37.08,0.7,46.16,34.75,3.43,18.26,354.0,Very Poor,2017,5,15,0,20,0.3544919576304433,164.6
123.21,375.15,34.5,54.83,30.75,20.17,0.57,41.96,52.5,2.51,14.55,349.0,Very Poor,2017,5,16,1,20,0.3275554964774691,89.33
78.18,287.99,24.59,47.84,30.59,12.09,0.4,39.01,48.38,1.62,12.72,264.0,Poor,2017,5,17,2,20,0.27052839198588186,72.43
126.04,279.92,9.76,50.3,20.34,13.57,0.41,55.11,52.39,2.24,13.46,188.0,Moderate,2017,5,18,3,20,0.4486686601167592,60.059999999999995
139.1,329.12,37.79,58.93,38.72,27.59,0.71,41.31,45.33,1.72,11.14,294.0,Poor,2017,5,19,4,20,0.4213619289955168,96.72
233.82,352.76,58.84,59.74,41.26,25.31,0.9,36.26,46.67,1.84,11.51,334.0,Very Poor,2017,5,20,5,20,0.6609565807327001,118.58000000000001
178.44,505.07,65.22,52.38,37.23,13.02,0.88,40.4,49.89,2.42,13.96,505.0,Severe,2017,5,21,6,20,0.3525994427648349,117.6
110.1,386.67,72.51,63.7,49.96,39.38,0.99,35.36,40.92,3.31,17.75,349.0,Very Poor,2017,5,22,0,21,0.28400443676322645,136.21
118.43,326.02,135.99,84.21,38.66,56.89,0.89,37.55,39.59,3.5,18.52,421.0,Severe,2017,5,23,1,21,0.36214910403033457,220.2
107.37,252.35,32.51,80.72,21.67,42.37,0.47,42.21,39.1,3.96,18.3,238.0,Poor,2017,5,24,2,21,0.4238010657193606,113.22999999999999
113.9,222.88,20.0,65.71,23.38,33.07,0.56,41.43,30.8,2.74,14.63,204.0,Poor,2017,5,25,3,21,0.5087546900125067,85.71
103.75,301.57,19.37,79.07,31.23,49.97,0.65,41.4,53.9,2.56,11.12,289.0,Poor,2017,5,26,4,21,0.34289585880953166,98.44
69.88,317.07,8.83,50.12,15.96,39.95,0.53,38.55,53.22,1.35,9.27,236.0,Poor,2017,5,27,5,21,0.21970006602320244,58.949999999999996
40.33,150.34,7.16,45.6,15.27,37.97,0.49,31.5,57.01,1.37,9.65,148.0,Moderate,2017,5,28,6,21,0.26648605788291263,52.760000000000005
48.95,150.23,18.15,55.2,23.76,41.24,0.54,26.99,49.0,1.8,11.24,94.0,Satisfactory,2017,5,29,0,22,0.323679164187,73.35
63.27,174.62,17.45,64.11,26.54,47.68,0.5,26.15,54.23,2.2,13.37,130.0,Moderate,2017,5,30,1,22,0.3602664844550735,81.56
56.38,137.62,26.49,69.98,30.75,53.68,0.83,21.94,50.95,2.37,12.75,123.0,Moderate,2017,5,31,2,22,0.40672341653441063,96.47
95.23,257.16,53.45,97.33,52.3,57.81,1.08,23.0,65.67,3.26,15.28,192.0,Moderate,2017,6,1,3,22,0.3688797644871397,150.78
123.44,354.35,82.72,131.55,58.97,60.86,1.08,24.75,45.77,3.2,14.9,324.0,Very Poor,2017,6,2,4,22,0.3473758266497819,214.27
122.2,362.94,96.1,119.37,71.01,62.41,1.1,23.23,42.56,3.27,14.76,357.0,Very Poor,2017,6,3,5,22,0.33576963235698193,215.47
121.1,436.35,89.35,92.68,61.23,55.02,0.72,22.69,29.97,2.38,13.45,393.0,Very Poor,2017,6,4,6,22,0.276894935406425,182.03
71.89,320.91,58.98,64.07,47.44,41.28,0.56,18.63,20.67,1.6,15.57,302.0,Very Poor,2017,6,5,0,23,0.22332328911807647,123.04999999999998
80.37,348.79,47.89,57.63,42.42,43.51,0.56,16.51,26.41,1.52,15.28,239.0,Poor,2017,6,6,1,23,0.22976643128734384,105.52000000000001
40.87,233.62,23.35,70.77,22.9,48.84,0.29,23.51,39.61,1.11,7.26,210.0,Poor,2017,6,7,2,23,0.1741965731821669,94.12
41.83,216.73000000000002,20.44,79.9,9.88,40.3,0.0,14.45,44.44,0.62,0.0,77.0,Satisfactory,2017,6,8,3,23,0.19211867909796534,100.34
66.73,295.56,14.64,76.52,9.53,41.19,0.0,14.45,44.44,0.65,0.0,89.0,Satisfactory,2017,6,9,4,23,0.22501348799568385,91.16
64.63,216.73000000000002,22.12,80.04,7.62,41.51,0.0,14.45,44.44,0.6,0.0,143.0,Moderate,2017,6,10,5,23,0.29683553024388,102.16000000000001
43.02,216.73000000000002,19.89,77.07,10.77,38.68,0.0,14.45,44.44,0.6,0.0,80.0,Satisfactory,2017,6,11,6,23,0.19758416387268635,96.96
57.4,166.25,35.93,106.23,16.06,50.52,0.0,14.45,44.44,0.58,0.0,92.0,Satisfactory,2017,6,12,0,24,0.34319880418535126,142.16
48.6,244.14,73.59,96.64,18.94,58.1,0.0,14.45,44.44,0.6,0.0,112.0,Moderate,2017,6,13,1,24,0.19825405890511547,170.23000000000002
62.0,310.73,37.26,86.9,8.6,52.51,0.0,14.45,44.44,0.89,0.0,117.0,Moderate,2017,6,14,2,24,0.1988900651204568,124.16
80.14,205.5,41.28,139.09,5.03,54.71,0.0,14.45,44.44,2.16,0.0,101.0,Moderate,2017,6,15,3,24,0.3880871670702179,180.37
51.6,124.35,43.17,80.43,12.37,51.3,0.0,14.45,44.44,0.1,0.0,106.0,Moderate,2017,6,16,4,24,0.4116473873155166,123.60000000000001
41.96,87.16,38.8,70.93,10.95,48.94,0.0,14.45,44.44,1.23,0.0,88.0,Satisfactory,2017,6,17,5,24,0.47595281306715065,109.73
65.19,218.93,48.7,56.65,11.02,48.14,0.0,14.45,44.44,1.04,0.0,94.0,Satisfactory,2017,6,18,6,24,0.29641249488473603,105.35
60.9,228.2,49.53,36.63,9.3,46.71,0.0,14.45,44.44,0.11,0.0,150.0,Moderate,2017,6,19,0,25,0.26570680628272253,86.16
35.1,88.82,57.03,99.75,18.49,59.54,0.0,14.45,44.44,0.39,0.0,97.0,Satisfactory,2017,6,20,1,25,0.39078156312625256,156.78
58.27,87.74,61.79,63.2,13.55,50.91,0.0,14.45,44.44,0.25,0.0,109.0,Moderate,2017,6,21,2,25,0.6566373675907146,124.99000000000001
61.93,124.6,110.0,36.35,11.06,69.13,0.0,14.45,44.44,0.18,0.0,124.0,Moderate,2017,6,22,3,25,0.4930732484076433,146.35
44.08,160.22,39.17,103.29,7.45,52.73,0.0,14.45,44.44,0.38,0.0,257.0,Poor,2017,6,23,4,25,0.2734152090311376,142.46
63.62,245.23,55.51,83.84,14.32,58.3,0.0,14.45,44.44,0.51,0.0,111.0,Moderate,2017,6,24,5,25,0.2583763148276002,139.35
76.1,325.29,17.77,71.42,8.2,45.21,0.0,14.45,44.44,0.48,0.0,148.0,Moderate,2017,6,25,6,25,0.23322810996352936,89.19
51.52,359.19,20.96,53.97,7.09,38.93,0.0,14.45,44.44,0.6,0.0,108.0,Moderate,2017,6,26,0,26,0.14303562008939727,74.93
36.62,286.38,16.9,54.02,6.56,37.64,0.0,14.45,44.44,0.76,0.0,73.0,Satisfactory,2017,6,27,1,26,0.12742710000695942,70.92
29.83,128.18,30.92,58.02,9.28,41.14,0.0,14.45,44.44,0.71,0.0,58.0,Satisfactory,2017,6,28,2,26,0.23091809877690042,88.94
22.98,103.8,21.6,35.01,5.52,33.87,0.0,14.45,44.44,0.48,0.0,58.0,Satisfactory,2017,6,29,3,26,0.21927480916030537,56.61
25.83,90.41,44.88,32.97,8.43,41.27,0.0,14.45,44.44,0.37,0.0,46.0,Good,2017,6,30,4,26,0.2825730226452248,77.85
43.35,224.62,62.09,17.4,9.35,44.12,0.0,14.45,44.44,0.42,0.0,84.0,Satisfactory,2017,7,1,5,26,0.19213722187749313,79.49000000000001
20.52,223.56,28.19,11.37,4.19,32.97,0.0,14.45,44.44,0.2,0.0,54.0,Satisfactory,2017,7,2,6,26,0.09137869611685073,39.56
46.71,246.98,28.86,20.06,5.17,32.02,0.0,14.45,44.44,0.58,0.0,49.0,Good,2017,7,3,0,27,0.18836196467457053,48.92
116.12,216.73000000000002,27.08,19.37,4.82,28.8,0.0,14.45,44.44,0.63,0.0,149.0,Moderate,2017,7,4,1,27,0.533321085748404,46.45
50.81,216.73000000000002,27.08,14.86,5.05,25.81,0.0,14.45,44.44,0.58,0.0,212.0,Poor,2017,7,5,2,27,0.2333624213475405,41.94
47.17,216.73000000000002,18.19,18.32,4.13,24.82,0.0,14.45,44.44,0.1,0.0,85.0,Satisfactory,2017,7,6,3,27,0.2166444679189822,36.510000000000005
41.42,216.73000000000002,30.0,18.21,5.09,30.98,0.0,14.45,44.44,0.12,0.0,77.0,Satisfactory,2017,7,7,4,27,0.1902356129150783,48.21
45.31,216.73000000000002,32.87,23.52,6.01,28.82,0.0,14.45,44.44,0.1,0.0,65.0,Satisfactory,2017,7,8,5,27,0.20810177743076286,56.39
58.46,216.73000000000002,67.54,21.16,10.42,41.79,0.0,14.45,44.44,0.14,0.0,108.0,Moderate,2017,7,9,6,27,0.26849768061360396,88.7
41.92,216.73000000000002,25.63,18.81,4.9,27.22,0.0,14.45,44.44,0.15,0.0,78.0,Satisfactory,2017,7,10,0,28,0.1925320350893308,44.44
33.04,216.73000000000002,26.7,21.44,5.01,26.19,0.0,14.45,44.44,0.25,0.0,59.0,Satisfactory,2017,7,11,1,28,0.15174757727460614,48.14
22.35,216.73000000000002,25.59,19.98,4.81,27.31,0.0,14.45,44.44,0.23,0.0,47.0,Good,2017,7,12,2,28,0.1026500711890874,45.57
22.44,216.73000000000002,25.51,21.59,4.86,28.03,0.0,14.45,44.44,0.27,0.0,39.0,Good,2017,7,13,3,28,0.10306342718045285,47.1
30.35,216.73000000000002,17.2,38.36,5.65,29.06,0.0,14.45,44.44,0.23,0.0,40.0,Good,2017,7,14,4,28,0.13939282597712763,55.56
32.02,216.73000000000002,16.13,77.47,9.24,37.26,0.0,14.45,44.44,0.29,0.0,56.0,Satisfactory,2017,7,15,5,28,0.14706287603913104,93.6
38.77,216.73000000000002,15.56,76.98,8.39,35.52,0.0,14.45,44.44,0.27,0.0,65.0,Satisfactory,2017,7,16,6,28,0.17806457539153997,92.54
33.56,216.73000000000002,31.69,86.61,11.38,43.34,0.0,14.45,44.44,0.36,0.0,71.0,Satisfactory,2017,7,17,0,29,0.15413585633582877,118.3
37.67,216.73000000000002,25.69,126.91,14.1,49.2,0.0,14.45,44.44,0.33,0.0,97.0,Satisfactory,2017,7,18,1,29,0.17301244660818443,152.6
55.96,216.73000000000002,58.31,137.15,19.34,58.22,0.0,14.45,44.44,0.32,0.0,118.0,Moderate,2017,7,19,2,29,0.2570155697423414,195.46
28.88,216.73000000000002,41.13,61.54,11.02,44.64,0.0,14.45,44.44,0.27,0.0,116.0,Moderate,2017,7,20,3,29,0.13264134478482523,102.67
23.12,216.73000000000002,20.56,23.67,4.69,26.97,0.0,14.45,44.44,0.33,0.0,53.0,Satisfactory,2017,7,21,4,29,0.10618656133743627,44.230000000000004
18.54,216.73000000000002,20.65,19.9,4.52,23.32,0.0,14.45,44.44,0.03,0.0,30.0,Good,2017,7,22,5,29,0.08515133422128322,40.55
22.65,216.73000000000002,18.67,18.22,3.76,26.79,0.0,14.45,44.44,0.0,0.0,37.0,Good,2017,7,23,6,29,0.1040279244936389,36.89
17.52,216.73000000000002,28.89,19.95,5.21,28.58,0.0,14.45,44.44,0.09,0.0,35.0,Good,2017,7,24,0,30,0.0804666329858081,48.84
22.17,216.73000000000002,21.08,18.1,3.98,28.73,0.0,14.45,44.44,0.36,0.0,37.0,Good,2017,7,25,1,30,0.10182335920635649,39.18
20.17,216.73000000000002,20.61,21.95,4.61,27.09,0.0,14.45,44.44,0.07,0.0,32.0,Good,2017,7,26,2,30,0.09263767050934643,42.56
24.42,216.73000000000002,23.71,25.33,5.12,26.74,0.0,14.45,44.44,0.0,0.0,41.0,Good,2017,7,27,3,30,0.11215725899049281,49.04
25.71,216.73000000000002,23.69,24.07,4.84,25.11,0.0,14.45,44.44,0.13,0.0,42.0,Good,2017,7,28,4,30,0.11808202820006429,47.760000000000005
27.25,216.73000000000002,12.65,22.87,3.3,22.45,0.0,14.45,44.44,0.11,0.0,47.0,Good,2017,7,29,5,30,0.12515500849676203,35.52
10.88,216.73000000000002,11.6,20.58,3.53,22.24,0.0,14.45,44.44,0.01,0.0,30.0,Good,2017,7,30,6,30,0.04997014651173472,32.18
17.1,216.73000000000002,28.26,26.19,5.91,32.0,0.0,14.45,44.44,0.15,0.0,29.0,Good,2017,7,31,0,31,0.078537638359436,54.45
17.24,216.73000000000002,27.25,23.4,5.48,33.36,0.0,14.45,44.44,0.07,0.0,44.0,Good,2017,8,1,1,31,0.07918063656822669,50.65
27.56,216.73000000000002,33.12,26.54,6.7,38.35,0.0,14.45,44.44,0.15,0.0,40.0,Good,2017,8,2,2,31,0.1265787902447986,59.66
27.29,216.73000000000002,28.58,29.16,7.02,34.14,0.0,14.45,44.44,0.18,0.0,49.0,Good,2017,8,3,3,31,0.12533872227070222,57.739999999999995
42.65,216.73000000000002,29.66,33.74,7.71,33.24,0.0,14.45,44.44,0.22,0.0,50.0,Good,2017,8,4,4,31,0.19588481146373948,63.400000000000006
53.69,216.73000000000002,34.95,42.98,8.68,36.4,0.0,14.45,44.44,0.2,0.0,88.0,Satisfactory,2017,8,5,5,31,0.24658981307123498,77.93
61.44,216.73000000000002,52.38,41.75,10.21,43.5,0.0,14.45,44.44,0.2,0.0,99.0,Satisfactory,2017,8,6,6,31,0.282184356772149,94.13
57.42,216.73000000000002,25.72,32.2,5.84,33.07,0.0,14.45,44.44,0.24,0.0,110.0,Moderate,2017,8,7,0,32,0.26372112249115875,57.92
36.58,216.73000000000002,36.57,29.91,7.08,36.53,0.0,14.45,44.44,0.38,0.0,68.0,Satisfactory,2017,8,8,1,32,0.16800624626831395,66.48
50.42,216.73000000000002,54.85,48.7,11.34,42.64,0.0,14.45,44.44,0.79,0.0,73.0,Satisfactory,2017,8,9,2,32,0.23157121205162357,103.55000000000001
48.6,216.73000000000002,38.47,64.0,10.31,31.22,0.0,14.45,44.44,0.16,0.0,95.0,Satisfactory,2017,8,10,3,32,0.2232122353373444,102.47
21.83,216.73000000000002,24.86,35.39,4.87,17.92,0.0,14.45,44.44,0.07,0.0,58.0,Satisfactory,2017,8,11,4,32,0.10026179212786478,60.25
94.62,216.73000000000002,27.2,47.15,0.0,38.04,0.0,14.45,44.44,0.0,0.0,45.0,Good,2017,8,12,5,32,0.43457493225554583,74.35
94.62,216.73000000000002,27.2,47.15,0.0,38.04,0.0,14.45,44.44,0.0,0.0,257.0,Poor,2017,8,13,6,32,0.43457493225554583,74.35
26.54,216.73000000000002,27.43,88.07,6.42,34.8,0.0,14.45,44.44,0.07,0.0,257.0,Poor,2017,8,14,0,33,0.12189408900932346,115.5
30.12,216.73000000000002,13.21,49.91,6.85,18.69,0.0,14.45,44.44,0.08,0.0,59.0,Satisfactory,2017,8,15,1,33,0.13833647177697148,63.12
35.23,216.73000000000002,15.5,64.66,7.81,23.94,0.0,14.45,44.44,0.1,0.0,53.0,Satisfactory,2017,8,16,2,33,0.16180590639783216,80.16
39.6,216.73000000000002,20.73,68.78,8.36,26.78,0.0,14.45,44.44,0.0,0.0,66.0,Satisfactory,2017,8,17,3,33,0.18187663620079914,89.51
46.25,216.73000000000002,22.87,60.15,8.16,24.79,0.0,14.45,44.44,0.02,0.0,70.0,Satisfactory,2017,8,18,4,33,0.21241905111835757,83.02
35.48,216.73000000000002,42.02,39.67,10.06,24.34,0.0,14.45,44.44,0.0,0.0,70.0,Satisfactory,2017,8,19,5,33,0.16295411748495842,81.69
22.15,216.73000000000002,30.13,30.28,7.46,17.65,0.0,14.45,44.44,0.0,0.0,63.0,Satisfactory,2017,8,20,6,33,0.10173150231938638,60.41
25.5,216.73000000000002,18.02,24.42,1.44,12.14,0.0,14.45,44.44,0.0,0.0,42.0,Good,2017,8,21,0,34,0.11711753088687823,42.44
46.0,216.73000000000002,14.5,38.7,0.25,15.5,0.0,14.45,44.44,0.3,0.0,257.0,Poor,2017,8,22,1,34,0.2112708400312313,53.2
36.54,216.73000000000002,31.42,43.43,4.7,22.33,0.0,14.45,44.44,0.31,0.0,257.0,Poor,2017,8,23,2,34,0.16782253249437376,74.85
47.79,216.73000000000002,34.6,45.26,6.63,23.83,0.0,14.45,44.44,0.25,0.0,58.0,Satisfactory,2017,8,24,3,34,0.21949203141505533,79.86
51.33,216.73000000000002,24.48,39.3,3.85,18.75,0.0,14.45,44.44,0.37,0.0,104.0,Moderate,2017,8,25,4,34,0.23575070040876311,63.78
62.33,216.73000000000002,40.14,37.65,2.06,23.26,0.0,14.45,44.44,0.24,0.0,257.0,Poor,2017,8,26,5,34,0.2862719882423184,77.78999999999999
34.3,216.73000000000002,62.68,34.06,4.55,29.19,0.0,14.45,44.44,0.23,0.0,257.0,Poor,2017,8,27,6,34,0.15753456115372247,96.74000000000001
23.82,216.73000000000002,20.79,27.89,2.43,15.6,0.0,2.34,13.61,0.19,0.25,257.0,Poor,2017,8,28,0,35,0.10940155238138978,48.68
15.23,216.73000000000002,22.97,69.8,4.74,27.77,0.0,14.45,44.44,0.18,0.0,257.0,Poor,2017,8,29,1,35,0.06994901942773159,92.77
20.5,216.73000000000002,24.34,101.89,7.26,38.09,0.0,14.45,44.44,0.11,0.0,73.0,Satisfactory,2017,8,30,2,35,0.09415330914435309,126.23
41.62,60.15,16.56,50.7,28.34,25.08,0.76,14.45,27.78,0.25,0.35,94.0,Satisfactory,2017,8,31,3,35,0.6806214227309894,67.26
25.58,41.64,23.55,26.64,12.21,17.6,0.54,14.45,24.03,0.18,0.21,91.0,Satisfactory,2017,9,1,4,35,0.599906191369606,50.19
20.06,45.86,23.23,26.09,10.33,33.97,0.48,14.45,25.0,0.12,0.0,88.0,Satisfactory,2017,9,2,5,35,0.4280836534357661,49.32
38.19,79.78,20.33,27.32,8.88,25.9,0.4,14.45,25.07,0.13,0.0,88.0,Satisfactory,2017,9,3,6,35,0.47276553602376825,47.65
47.89,84.29,33.84,25.85,11.14,86.67,0.36,14.45,24.93,0.2,0.0,89.0,Satisfactory,2017,9,4,0,36,0.5614960722241763,59.690000000000005
35.61,75.82,20.61,30.29,8.93,30.21,0.37,14.45,25.08,0.11,0.0,88.0,Satisfactory,2017,9,5,1,36,0.4635511585524603,50.9
39.41,85.23,21.1,35.92,9.89,31.07,0.33,14.45,24.95,0.23,0.0,88.0,Satisfactory,2017,9,6,2,36,0.4570335150179751,57.02
40.34,67.06,21.91,23.75,7.9,36.46,0.36,14.45,24.93,0.13,0.0,88.0,Satisfactory,2017,9,7,3,36,0.5927123126652953,45.66
51.7,101.89,18.18,16.52,9.84,27.05,0.49,14.45,25.88,0.22,0.0,106.0,Moderate,2017,9,8,4,36,0.5024783749635533,34.7
54.83,111.65,20.65,17.54,11.27,31.1,0.45,14.45,25.77,0.22,0.0,96.0,Satisfactory,2017,9,9,5,36,0.4867288060363959,38.19
60.46,119.5,30.53,19.76,14.83,49.74,0.48,14.45,26.39,0.44,0.0,118.0,Moderate,2017,9,10,6,36,0.5017427385892116,50.290000000000006
63.97,120.06,22.99,20.25,12.0,48.0,0.45,14.45,27.92,0.18,0.0,119.0,Moderate,2017,9,11,0,37,0.5284156616553775,43.239999999999995
46.65,103.84,17.92,16.56,10.14,38.04,0.42,14.45,24.84,0.14,0.0,106.0,Moderate,2017,9,12,1,37,0.4449637542922548,34.480000000000004
54.77,143.16,25.08,10.76,5.71,38.04,0.13,14.45,24.38,0.89,0.0,115.0,Moderate,2017,9,13,2,37,0.37992508324084356,35.839999999999996
80.47,186.11,81.89,31.88,10.24,43.06,0.12,14.45,26.98,0.24,0.0,142.0,Moderate,2017,9,14,3,37,0.4300678745123189,113.77
64.37,127.68,25.94,34.75,12.73,31.02,0.36,14.45,27.32,0.17,0.0,169.0,Moderate,2017,9,15,4,37,0.5002331364625427,60.69
51.56,82.26,19.27,36.6,14.42,40.92,0.44,14.45,26.7,0.14,0.0,110.0,Moderate,2017,9,16,5,37,0.6192649531587797,55.870000000000005
53.05,85.65,23.98,37.33,13.49,31.89,0.33,14.45,26.7,0.15,0.0,106.0,Moderate,2017,9,17,6,37,0.6122331217541834,61.31
60.83,102.29,20.23,56.67,11.54,33.88,0.21,14.45,30.08,0.19,0.0,99.0,Satisfactory,2017,9,18,0,38,0.5889243876464323,76.9
55.55,112.21,19.87,34.72,16.17,45.0,0.43,14.45,28.73,0.27,0.0,109.0,Moderate,2017,9,19,1,38,0.4906810352442364,54.59
70.81,111.9,29.89,21.49,21.37,56.47,0.44,14.45,31.95,0.21,0.0,137.0,Moderate,2017,9,20,2,38,0.6271922054915855,51.379999999999995
55.93,76.81,27.16,22.74,16.34,31.36,0.46,14.45,23.1,0.18,0.0,144.0,Moderate,2017,9,21,3,38,0.7188022105127876,49.9
11.81,18.59,20.34,22.4,11.24,17.63,0.32,14.45,24.88,0.2,0.0,92.0,Satisfactory,2017,9,22,4,38,0.6028586013272078,42.739999999999995
17.76,43.57,20.38,18.63,12.97,17.47,0.35,14.45,22.19,0.08,0.0,83.0,Satisfactory,2017,9,23,5,38,0.3984743100740409,39.01
35.5,81.42,18.8,17.01,12.69,19.11,0.37,14.45,22.63,0.12,0.0,84.0,Satisfactory,2017,9,24,6,38,0.4307206988595001,35.81
50.09,100.02,14.59,27.25,13.13,19.81,0.37,14.45,24.48,0.13,0.0,104.0,Moderate,2017,9,25,0,39,0.49584240744407054,41.84
66.12,114.15,23.12,27.52,18.35,34.54,0.6,7.13,30.45,0.25,1.38,131.0,Moderate,2017,9,26,1,39,0.5742075553625706,50.64
80.94,125.39,26.98,21.39,22.31,50.34,0.61,6.62,29.26,0.35,1.74,165.0,Moderate,2017,9,27,2,39,0.6403987657251364,48.370000000000005
75.4,102.91,50.72,38.55,23.52,54.37,0.43,6.08,34.06,0.27,1.54,176.0,Moderate,2017,9,28,3,39,0.7256279472620538,89.27
89.38,140.94,37.45,29.45,18.61,41.19,0.45,7.17,40.26,0.44,1.82,172.0,Moderate,2017,9,29,4,39,0.6297026912780048,66.9
74.2,125.73,21.1,26.08,8.59,44.1,0.3,6.64,38.44,0.22,1.73,137.0,Moderate,2017,9,30,5,39,0.5854967253215497,47.18
68.47,120.56,25.43,28.66,14.66,50.15,0.46,3.46,32.9,0.46,2.34,131.0,Moderate,2017,10,1,6,39,0.5632609410990457,54.09
63.41,128.15,22.86,25.2,12.1,39.12,0.43,2.94,30.1,0.54,2.43,132.0,Moderate,2017,10,2,0,40,0.49097948122338364,48.06
69.45,127.48,22.75,26.09,11.47,31.36,0.2,5.81,34.34,0.24,1.27,115.0,Moderate,2017,10,3,1,40,0.5405510585305106,48.84
76.81,138.81,24.88,28.99,14.09,39.43,0.19,11.7,35.79,0.35,2.07,151.0,Moderate,2017,10,4,2,40,0.5493884557613905,53.87
75.73,125.31,15.35,24.45,13.8,37.22,0.27,11.96,36.81,0.25,1.59,180.0,Moderate,2017,10,5,3,40,0.5995566463462909,39.8
79.81,111.43,14.82,27.44,12.19,31.48,0.33,13.91,38.67,0.39,2.11,183.0,Moderate,2017,10,6,4,40,0.7098639153250912,42.260000000000005
70.98,151.15,17.2,25.61,14.27,35.37,0.32,22.29,34.44,0.27,1.72,193.0,Moderate,2017,10,7,5,40,0.4665133092343083,42.81
102.2,155.03,20.71,24.51,14.05,41.02,0.24,24.0,35.32,0.31,2.14,224.0,Poor,2017,10,8,6,40,0.655002243158367,45.22
107.63,173.87,33.9,27.06,17.82,50.93,0.24,23.51,31.11,0.57,2.97,268.0,Poor,2017,10,9,0,41,0.6154857894435867,60.959999999999994
105.88,158.68,23.0,31.67,13.81,56.42,0.26,7.6,30.89,0.63,3.28,253.0,Poor,2017,10,10,1,41,0.6630761523046091,54.67
104.45,122.3,25.09,30.92,14.22,64.21,0.25,6.57,29.67,0.68,2.71,208.0,Poor,2017,10,11,2,41,0.8471208434712085,56.010000000000005
106.85,186.91,21.91,31.1,12.39,44.32,0.33,7.65,35.14,0.71,2.56,211.0,Poor,2017,10,12,3,41,0.5686232771007397,53.010000000000005
137.42,207.87,31.87,29.16,14.41,45.28,0.33,9.36,37.98,0.6,2.34,246.0,Poor,2017,10,13,4,41,0.6579211950016756,61.03
147.07,208.87,67.91,30.14,23.78,55.52,0.37,14.64,42.39,0.72,3.4,319.0,Very Poor,2017,10,14,5,41,0.7007671415638251,98.05
147.83,195.47,41.91,30.0,15.25,44.61,0.33,14.31,37.15,0.89,3.62,317.0,Very Poor,2017,10,15,6,41,0.7524303964981932,71.91
152.61,213.98,48.82,58.53,40.14,51.88,1.02,23.09,30.49,0.86,3.42,310.0,Very Poor,2017,10,16,0,42,0.7098799888361709,107.35
121.7,212.35,48.01,57.08,49.91,42.92,1.36,17.44,30.46,0.99,3.39,313.0,Very Poor,2017,10,17,1,42,0.5704241856104992,105.09
152.16,204.03,66.01,63.15,55.52,44.57,1.05,27.42,35.86,0.83,3.38,310.0,Very Poor,2017,10,18,2,42,0.7421352972735697,129.16
176.17,259.0,55.94,53.51,53.32,50.7,1.18,22.15,36.35,1.26,4.52,336.0,Very Poor,2017,10,19,3,42,0.6775769230769231,109.44999999999999
426.52,387.13,56.28,54.76,47.28,48.79,1.06,36.85,41.14,2.15,5.54,497.0,Severe,2017,10,20,4,42,1.0989101589673562,111.03999999999999
213.12,317.52,42.71,50.13,49.3,50.8,1.46,20.55,34.52,0.88,4.02,404.0,Severe,2017,10,21,5,42,0.6690945623508728,92.84
146.01,201.91,54.57,55.88,31.89,45.72,0.93,24.42,34.88,0.8,4.04,338.0,Very Poor,2017,10,22,6,42,0.7195801094081119,110.45
163.35,242.73,89.4,64.25,63.05,48.44,1.45,27.79,52.91,1.16,4.65,327.0,Very Poor,2017,10,23,0,43,0.6702088376482173,153.65
188.24,331.64,72.71,81.33,87.22,53.82,1.51,23.19,86.13,1.15,5.47,366.0,Very Poor,2017,10,24,1,43,0.5658970658970659,154.04
203.03,326.46,56.81,80.62,57.55,55.14,1.01,23.77,106.16,0.93,5.08,357.0,Very Poor,2017,10,25,2,43,0.6200146582788738,137.43
178.91,290.41,56.9,90.56,63.21,61.45,1.15,24.12,99.71,1.3,4.28,328.0,Very Poor,2017,10,26,3,43,0.6139459867540578,147.46
167.54,293.68,26.14,65.44,52.4,48.68,0.98,21.24,82.93,1.26,4.94,345.0,Very Poor,2017,10,27,4,43,0.5685489344373558,91.58
198.37,329.05,35.39,84.45,60.5,51.2,0.9,27.88,110.71,1.65,7.47,379.0,Very Poor,2017,10,28,5,43,0.6010301469474322,119.84
187.82,300.92,28.91,60.61,57.94,50.6,1.16,25.08,83.99,1.56,6.8,362.0,Very Poor,2017,10,29,6,43,0.6220853206147323,89.52
196.37,308.22,41.29,69.51,64.94,52.67,1.47,23.68,88.38,2.51,5.67,340.0,Very Poor,2017,10,30,0,44,0.6350494793351011,110.80000000000001
211.64,323.45,65.55,53.08,75.68,64.28,1.84,19.36,65.34,3.36,11.75,366.0,Very Poor,2017,10,31,1,44,0.6523038989058406,118.63
179.17,265.9,29.65,46.83,43.9,47.36,1.13,16.01,56.79,1.43,6.36,344.0,Very Poor,2017,11,1,2,44,0.6713001124016486,76.47999999999999
160.69,227.41,26.09,47.7,56.86,49.88,1.4,17.19,61.91,2.51,9.71,305.0,Very Poor,2017,11,2,3,44,0.703515607898078,73.79
168.16,239.73,45.29,46.49,60.96,53.2,1.31,15.29,62.16,2.74,6.06,310.0,Very Poor,2017,11,3,4,44,0.6985419349478669,91.78
190.33,292.7,45.11,47.28,74.75,52.75,1.83,18.87,73.16,3.18,5.21,345.0,Very Poor,2017,11,4,5,44,0.6480422199523324,92.39
209.61,334.64,65.25,60.56,97.76,61.8,2.33,19.55,86.74,6.46,12.85,370.0,Very Poor,2017,11,5,6,44,0.6245084018591348,125.81
216.53,330.27,64.5,57.27,96.0,65.81,1.94,18.74,72.82,4.6,14.37,377.0,Very Poor,2017,11,6,0,45,0.6536360068826034,121.77000000000001
517.93,654.68,51.67,65.17,103.77,91.87,2.37,15.29,56.06,5.11,26.96,532.0,Severe,2017,11,7,1,45,0.7899127623230844,116.84
639.19,796.88,55.83,77.51,104.65,82.96,2.74,20.46,55.51,7.73,25.53,675.0,Severe,2017,11,8,2,45,0.8011104426730837,133.34
495.9,652.21,54.71,81.67,104.52,74.84,2.37,15.68,86.62,6.99,25.25,677.0,Severe,2017,11,9,3,45,0.7591739256900537,136.38
370.73,496.48,55.07,80.73,109.98,84.1,2.45,17.84,104.94,7.33,28.06,597.0,Severe,2017,11,10,4,45,0.7452158880759026,135.8
363.77,511.44,78.16,78.61,117.92,90.64,2.32,17.8,95.54,8.39,32.33,471.0,Severe,2017,11,11,5,45,0.7098782296463975,156.76999999999998
465.08,622.4,66.78,70.1,104.82,73.63,2.44,13.94,88.03,7.84,28.2,613.0,Severe,2017,11,12,6,45,0.7460378569136991,136.88
354.56,498.63,65.36,65.77,105.48,73.85,2.33,15.58,94.42,5.47,18.48,561.0,Severe,2017,11,13,0,46,0.7096451374016772,131.13
254.36,365.91,34.12,56.46,75.36,55.71,1.74,13.67,69.5,4.44,11.39,444.0,Severe,2017,11,14,1,46,0.6932490256466163,90.58
192.04,279.26,36.7,57.85,79.14,48.83,1.64,19.24,60.28,4.38,13.31,378.0,Very Poor,2017,11,15,2,46,0.6852208663384001,94.55000000000001
191.57,278.95,38.61,53.86,82.34,50.06,1.55,22.89,62.01,4.06,12.03,357.0,Very Poor,2017,11,16,3,46,0.6843007679942847,92.47
150.79,220.08,32.01,47.38,70.95,45.56,1.51,16.32,47.92,3.0,8.48,330.0,Very Poor,2017,11,17,4,46,0.6820607924733127,79.39
143.51,202.59,20.23,43.91,50.62,38.55,1.16,13.3,37.68,2.29,5.38,309.0,Very Poor,2017,11,18,5,46,0.7048970971069305,64.14
128.65,190.51,19.58,45.6,55.24,34.83,1.2,15.12,47.8,2.04,5.24,297.0,Poor,2017,11,19,6,46,0.6717664873896925,65.18
171.34,249.28,24.44,52.73,64.19,36.28,1.3,13.7,54.08,2.38,6.34,329.0,Very Poor,2017,11,20,0,47,0.6845932555537798,77.17
178.08,253.38,32.84,54.75,75.18,40.58,1.52,15.02,57.13,4.37,10.71,341.0,Very Poor,2017,11,21,1,47,0.7000550357732527,87.59
177.41,258.11,30.75,54.64,74.09,40.37,1.51,18.13,57.6,4.92,11.65,348.0,Very Poor,2017,11,22,2,47,0.684689900042453,85.39
175.56,251.23,34.73,55.04,70.15,40.03,1.55,18.32,54.34,4.53,11.97,340.0,Very Poor,2017,11,23,3,47,0.6960313999127781,89.77
187.97,256.92,44.24,64.15,82.97,44.62,1.65,19.2,54.02,5.18,13.88,348.0,Very Poor,2017,11,24,4,47,0.7287918734491314,108.39000000000001
185.31,268.09,45.12,76.48,88.0,47.81,1.74,17.95,48.1,5.3,15.24,347.0,Very Poor,2017,11,25,5,47,0.6886543535620053,121.6
224.37,338.82,77.85,67.6,101.44,63.81,1.97,21.01,44.82,20.64,17.26,368.0,Very Poor,2017,11,26,6,47,0.660261314813725,145.45
198.34,328.09,45.64,68.93,87.3,52.5,1.64,18.95,41.09,4.33,13.04,382.0,Very Poor,2017,11,27,0,48,0.6026922726305874,114.57000000000001
167.74,290.47,61.44,62.53,93.71,60.94,1.76,19.39,34.78,16.1,19.68,360.0,Very Poor,2017,11,28,1,48,0.5754966205784472,123.97
215.17,327.64,109.88,75.37,132.94,83.31,2.31,20.1,40.91,7.08,28.86,359.0,Very Poor,2017,11,29,2,48,0.6547285783836416,185.25
219.84,344.17,71.11,57.73,108.26,77.53,2.11,16.83,44.4,8.15,23.32,388.0,Very Poor,2017,11,30,3,48,0.6369035547701133,128.84
190.45,309.07,61.21,56.83,94.55,65.47,1.83,17.59,31.62,6.41,20.7,377.0,Very Poor,2017,12,1,4,48,0.61421614474151,118.03999999999999
208.87,324.46,80.33,65.66,102.69,92.4,2.1,20.17,36.62,7.94,25.81,356.0,Very Poor,2017,12,2,5,48,0.6417685737110552,145.99
240.87,359.22,67.41,65.83,99.76,85.25,2.28,19.92,37.61,8.46,26.32,384.0,Very Poor,2017,12,3,6,48,0.6686746987951807,133.24
261.82,390.1,74.66,65.49,101.07,90.28,2.49,20.17,32.64,7.62,23.27,415.0,Severe,2017,12,4,0,49,0.6694451546918946,140.14999999999998
230.56,358.86,61.13,64.61,104.85,71.16,2.41,18.29,50.69,5.42,15.21,404.0,Severe,2017,12,5,1,49,0.6406936030678597,125.74000000000001
120.91,210.21,23.19,51.02,68.08,45.92,1.65,20.88,43.68,2.94,8.36,330.0,Very Poor,2017,12,6,2,49,0.572463425027224,74.21000000000001
88.95,170.12,24.67,45.83,39.33,36.04,1.49,18.17,41.43,2.6,7.35,215.0,Poor,2017,12,7,3,49,0.5198106591865358,70.5
115.08,204.38,23.86,53.85,3.63,41.49,1.56,21.69,50.26,3.13,7.98,220.0,Poor,2017,12,8,4,49,0.5603271983640082,77.71000000000001
165.76,268.35,60.14,70.14,9.06,57.73,1.77,24.22,68.58,7.52,17.98,312.0,Very Poor,2017,12,9,5,49,0.6154074624095043,130.28
230.34,341.87,102.0,83.94,16.38,77.11,2.18,25.97,90.07,9.07,29.86,389.0,Very Poor,2017,12,10,6,49,0.6717998075072185,185.94
218.87,338.45,97.35,71.25,13.13,86.87,2.28,24.39,66.07,5.22,19.42,406.0,Severe,2017,12,11,0,50,0.644778317867138,168.6
109.18,152.76,22.41,45.94,3.04,50.54,1.51,11.71,38.75,1.96,6.88,280.0,Poor,2017,12,12,1,50,0.7100676378772113,68.35
134.99,203.48,20.14,40.27,2.59,48.27,1.34,10.81,46.28,2.51,6.59,263.0,Poor,2017,12,13,2,50,0.6601623630672927,60.410000000000004
126.67,189.9,19.4,36.59,2.33,46.26,1.31,11.18,42.19,2.18,5.87,276.0,Poor,2017,12,14,3,50,0.6635411210057621,55.99
127.57,194.15,20.33,34.73,3.26,42.56,1.28,9.69,38.04,1.89,4.83,292.0,Poor,2017,12,15,4,50,0.6537022802972072,55.059999999999995
100.72,152.72,17.77,29.84,2.87,39.74,1.06,4.98,23.98,1.92,2.85,228.0,Poor,2017,12,16,5,50,0.6552172781680978,47.61
95.58,163.65,17.4,37.37,2.44,35.36,1.2,12.68,36.4,1.87,3.48,195.0,Moderate,2017,12,17,6,50,0.5805040996052232,54.769999999999996
115.19,189.64,20.4,45.8,2.15,45.71,1.28,16.97,45.37,2.46,6.42,223.0,Poor,2017,12,18,0,51,0.6042278640369283,66.19999999999999
168.33,257.19,35.44,54.84,4.37,56.27,1.48,23.03,49.68,3.93,10.74,291.0,Poor,2017,12,19,1,51,0.6519617336070337,90.28
283.24,410.74,44.05,66.41,5.96,78.25,1.91,25.0,67.35,4.65,14.07,378.0,Very Poor,2017,12,20,2,51,0.6879098460193326,110.46
293.14,435.23,32.3,61.63,3.57,72.97,1.45,22.54,66.06,4.12,10.87,467.0,Severe,2017,12,21,3,51,0.6719849620612979,93.93
157.72,241.38,22.11,50.73,2.69,55.36,1.17,20.47,48.84,2.88,7.93,370.0,Very Poor,2017,12,22,4,51,0.650713755260335,72.84
117.72,181.59,31.51,50.97,3.61,51.89,1.54,19.95,43.85,3.9,9.81,253.0,Poor,2017,12,23,5,51,0.6447231502272851,82.48
203.18,301.71,79.8,66.65,9.75,73.83,1.74,23.73,59.85,6.52,14.99,309.0,Very Poor,2017,12,24,6,51,0.6712034620593968,146.45
259.0,368.35,61.55,58.92,7.06,68.61,1.68,23.76,56.1,5.63,15.78,398.0,Very Poor,2017,12,25,0,52,0.7012318938676052,120.47
224.42,326.11,46.41,57.6,6.18,62.83,1.57,22.1,38.93,5.37,12.99,372.0,Very Poor,2017,12,26,1,52,0.6860689064840573,104.00999999999999
224.27,317.87,58.71,65.61,9.76,71.71,1.69,23.17,58.98,5.95,18.27,379.0,Very Poor,2017,12,27,2,52,0.7033273747922351,124.32
249.17,362.39,80.57,70.25,11.62,79.07,1.86,25.51,66.0,6.36,23.66,398.0,Very Poor,2017,12,28,3,52,0.6856820495885962,150.82
227.28,347.63,70.6,59.7,10.69,68.22,1.7,25.54,61.36,5.35,19.38,399.0,Very Poor,2017,12,29,4,52,0.6519232424059892,130.3
273.56,401.15,69.31,60.4,15.32,75.04,1.96,21.01,61.73,6.96,25.19,421.0,Severe,2017,12,30,5,52,0.6802436901653612,129.71
306.17,445.58,83.77,66.97,23.13,83.55,1.95,17.97,76.45,7.01,21.12,451.0,Severe,2017,12,31,6,52,0.6855882484661203,150.74
303.41,415.09,62.76,63.92,11.79,73.16,1.8,18.58,68.75,5.72,14.77,462.0,Severe,2018,1,1,0,1,0.7291932033934967,126.68
277.48,422.59,31.26,53.73,4.26,55.61,1.52,12.43,68.68,3.98,9.71,439.0,Severe,2018,1,2,1,1,0.6550674000802664,84.99
217.01,336.87,37.98,52.24,2.87,50.81,1.29,10.28,54.94,3.09,6.6,405.0,Severe,2018,1,3,2,1,0.6422884541391659,90.22
248.54,377.61,35.56,61.57,4.24,55.17,1.36,14.42,66.31,3.79,8.2,394.0,Very Poor,2018,1,4,3,1,0.6564538707376983,97.13
240.42,360.99,38.73,54.8,4.57,51.36,1.38,13.2,48.57,3.63,8.14,398.0,Very Poor,2018,1,5,4,1,0.6641619934252327,93.53
252.57,378.9,65.27,59.12,8.53,63.78,1.59,18.15,39.65,5.69,13.64,403.0,Severe,2018,1,6,5,1,0.6648328507501975,124.38999999999999
191.66,292.74,26.49,47.02,4.99,50.09,1.3,16.27,57.39,3.19,6.5,384.0,Very Poor,2018,1,7,6,1,0.6524817866140123,73.51
152.98,259.13,37.51,51.6,5.28,47.52,1.33,17.15,54.55,3.36,7.87,314.0,Very Poor,2018,1,8,0,2,0.5880905700995656,89.11
233.1,355.21,62.59,66.19,10.36,58.65,1.54,21.82,66.79,5.31,13.99,373.0,Very Poor,2018,1,9,1,2,0.654389264759552,128.78
186.26,294.24,34.44,60.21,3.98,48.38,1.4,18.98,58.51,3.26,7.3,366.0,Very Poor,2018,1,10,2,2,0.6308765749898387,94.65
154.64,243.95,30.06,63.57,3.47,47.42,1.47,17.4,56.22,3.27,6.83,318.0,Very Poor,2018,1,11,3,2,0.6313125127577056,93.63
168.87,281.06,40.02,65.3,3.73,55.07,1.56,24.03,62.37,4.23,11.32,306.0,Very Poor,2018,1,12,4,2,0.5987024037438843,105.32
230.5,355.43,68.69,61.28,3.2,75.88,2.12,24.28,75.14,7.62,21.81,370.0,Very Poor,2018,1,13,5,2,0.6466907948264736,129.97
191.47,308.74,36.32,54.37,1.87,55.35,1.72,22.47,64.8,4.3,10.03,365.0,Very Poor,2018,1,14,6,2,0.6181636211015691,90.69
177.71,309.85,32.47,52.51,2.15,54.6,1.42,19.12,59.73,3.26,7.7,352.0,Very Poor,2018,1,15,0,3,0.5716905259771594,84.97999999999999
133.56,231.04,31.78,46.86,3.92,43.23,1.36,19.06,54.0,3.09,9.36,278.0,Poor,2018,1,16,1,3,0.5755904154456128,78.64
235.06,353.55,44.3,47.86,34.61,52.37,1.61,14.48,64.1,4.22,12.58,350.0,Very Poor,2018,1,17,2,3,0.6629812438302073,92.16
276.25,428.08,48.32,55.08,85.75,59.73,2.04,21.02,72.89,5.19,14.81,411.0,Severe,2018,1,18,3,3,0.6438193343898574,103.4
253.7,398.16,41.26,49.45,81.11,63.31,1.82,22.27,73.6,5.47,16.52,451.0,Severe,2018,1,19,4,3,0.6355847279286501,90.71000000000001
152.33,252.92,21.5,38.87,53.34,66.51,1.31,14.45,43.18,2.37,4.43,351.0,Very Poor,2018,1,20,5,3,0.5999133585381223,60.37
153.61,274.5,33.93,44.09,63.87,63.25,1.51,16.91,41.49,2.74,7.02,310.0,Very Poor,2018,1,21,6,3,0.5575680580762251,78.02000000000001
202.11,352.68,54.86,56.45,72.5,63.15,1.87,21.64,68.33,4.09,10.9,362.0,Very Poor,2018,1,22,0,4,0.5714487672472292,111.31
160.79,248.48,25.98,47.26,67.65,51.07,1.43,14.25,48.67,2.68,6.67,343.0,Very Poor,2018,1,23,1,4,0.6445005611672279,73.24
130.16,192.19,25.05,35.33,56.27,43.08,1.32,11.9,42.04,2.26,6.23,286.0,Poor,2018,1,24,2,4,0.6737408768569801,60.379999999999995
111.75,167.31,24.28,40.13,48.6,40.74,1.37,6.84,43.99,2.22,3.87,267.0,Poor,2018,1,25,3,4,0.6639534192858416,64.41
128.45,207.66,28.91,38.17,57.6,44.28,1.43,7.99,44.09,2.46,3.7,263.0,Poor,2018,1,26,4,4,0.6155947474360203,67.08
155.2,271.1,34.29,45.14,60.99,46.22,1.4,7.94,56.12,2.29,4.87,284.0,Poor,2018,1,27,5,4,0.5703785373024622,79.43
150.96,248.26,41.85,47.6,73.57,45.66,1.85,10.26,54.01,2.07,4.36,334.0,Very Poor,2018,1,28,6,4,0.6056326727112252,89.45
162.48,272.45,45.81,54.51,74.45,44.78,1.96,12.61,60.56,2.18,5.5,332.0,Very Poor,2018,1,29,0,5,0.5941854086670324,100.32
126.84,212.59,23.71,47.59,51.3,38.68,2.0,14.47,56.85,1.84,4.26,300.0,Poor,2018,1,30,1,5,0.5938480265930053,71.30000000000001
123.48,205.56,22.07,45.46,48.06,39.32,2.52,11.35,53.7,1.72,3.78,271.0,Poor,2018,1,31,2,5,0.5977924089852827,67.53
157.33,298.58,38.37,63.88,67.65,46.95,1.62,18.67,60.7,2.08,5.48,293.0,Poor,2018,2,1,3,5,0.5251685693303959,102.25
140.35,282.16,34.69,54.28,71.59,52.36,1.49,12.25,52.12,1.72,5.93,318.0,Very Poor,2018,2,2,4,5,0.49565616612515884,88.97
115.05,239.61,27.97,51.46,64.81,46.26,1.29,14.2,52.29,1.35,4.57,277.0,Poor,2018,2,3,5,5,0.4781596774863887,79.43
133.8,252.13,22.5,46.74,56.52,45.13,1.3,13.2,52.23,1.44,3.23,284.0,Poor,2018,2,4,6,5,0.5285821514636748,69.24000000000001
163.6,308.37,42.64,63.42,78.45,45.41,1.33,14.77,43.11,2.04,4.47,313.0,Very Poor,2018,2,5,0,6,0.5288166273394317,106.06
143.29,274.72,28.45,56.51,67.62,44.96,1.21,14.94,41.11,1.74,4.88,324.0,Very Poor,2018,2,6,1,6,0.5196938923545625,84.96
131.49,246.92,26.04,54.53,55.33,43.31,1.18,14.58,49.34,1.64,3.92,287.0,Poor,2018,2,7,2,6,0.5303727008712489,80.57
186.19,338.61,66.23,74.83,86.77,47.89,1.75,13.8,45.91,3.21,6.09,334.0,Very Poor,2018,2,8,3,6,0.548246518064839,141.06
203.33,348.94,56.38,74.5,84.22,49.6,1.7,14.35,49.11,3.32,6.44,375.0,Very Poor,2018,2,9,4,6,0.5810424644224724,130.88
209.7,373.06,71.59,99.06,86.85,47.52,2.55,13.77,53.31,6.94,11.0,378.0,Very Poor,2018,2,10,5,6,0.560605250494573,170.65
148.13,300.96,57.19,62.4,82.24,51.43,1.56,14.45,43.54,3.53,5.29,350.0,Very Poor,2018,2,11,6,6,0.4905616637965294,119.59
72.36,153.11,16.51,33.08,42.62,46.64,0.97,8.58,37.47,0.8,2.11,218.0,Poor,2018,2,12,0,7,0.46953474790733885,49.59
103.93,170.12,37.45,46.48,72.84,50.89,1.21,10.25,38.83,1.73,4.16,189.0,Moderate,2018,2,13,1,7,0.6073515661524077,83.93
76.92,149.43,16.31,34.92,44.75,40.88,0.96,9.03,38.43,1.02,2.66,217.0,Poor,2018,2,14,2,7,0.5113341753639566,51.230000000000004
94.49,173.59,16.78,38.54,47.11,44.48,1.03,11.47,40.95,1.16,2.82,189.0,Moderate,2018,2,15,3,7,0.5412108368176871,55.32
123.19,219.11,24.78,48.33,60.03,49.81,1.21,12.49,38.4,1.52,3.48,248.0,Poor,2018,2,16,4,7,0.5596747081004951,73.11
127.8,244.27,24.55,49.9,60.9,49.73,1.27,15.01,44.13,1.73,3.91,277.0,Poor,2018,2,17,5,7,0.5210584254087332,74.45
127.27,234.67,35.15,50.94,67.43,45.32,1.36,12.17,45.75,2.15,3.78,284.0,Poor,2018,2,18,6,7,0.5400347944159206,86.09
172.55,315.75,68.88,71.76,88.37,46.22,1.96,15.25,49.74,3.07,5.52,321.0,Very Poor,2018,2,19,0,8,0.5447513812154696,140.64
167.16,317.53,56.44,68.29,87.59,49.25,1.89,14.53,51.27,3.34,5.42,335.0,Very Poor,2018,2,20,1,8,0.524785734467711,124.73
172.99,346.46,72.82,92.54,94.31,49.47,2.42,13.97,57.47,5.24,8.8,347.0,Very Poor,2018,2,21,2,8,0.49787025844701555,165.36
159.67,313.47,59.65,66.4,90.58,55.72,1.8,15.89,47.69,4.0,8.11,333.0,Very Poor,2018,2,22,3,8,0.5077431869494704,126.05000000000001
163.75,333.99,59.63,70.77,92.54,59.64,1.81,16.26,48.62,3.89,9.53,331.0,Very Poor,2018,2,23,4,8,0.48882056180781513,130.4
164.2,349.29,47.09,62.66,80.95,62.61,1.52,15.09,55.26,2.85,5.82,347.0,Very Poor,2018,2,24,5,8,0.468754460589797,109.75
106.26,222.46,25.0,42.88,59.15,50.57,1.0,14.34,43.87,2.05,3.94,317.0,Very Poor,2018,2,25,6,8,0.4755213461022107,67.88
67.27,156.72,14.44,33.59,43.27,41.83,0.88,9.64,43.19,1.09,2.1,170.0,Moderate,2018,2,26,0,9,0.4265153436469693,48.03
85.53,178.51,24.54,43.12,56.44,43.85,1.15,10.72,40.51,1.93,3.03,167.0,Moderate,2018,2,27,1,9,0.4764637067572837,67.66
143.25,279.26,42.48,52.5,78.41,53.64,1.47,14.52,46.16,2.47,6.26,274.0,Poor,2018,2,28,2,9,0.5111325198030401,94.97999999999999
120.71,256.86,45.93,51.74,79.9,49.29,1.43,14.9,40.69,2.3,5.76,293.0,Poor,2018,3,1,3,9,0.4681222368727216,97.67
139.18,253.32,46.05,50.64,78.23,48.86,1.64,11.52,45.55,3.01,4.5,300.0,Poor,2018,3,2,4,9,0.5472632903428751,96.69
98.25,205.92,26.84,41.07,59.03,44.26,1.18,12.93,38.38,1.85,3.67,244.0,Poor,2018,3,3,5,9,0.4748211869321477,67.91
79.83,182.26,25.27,39.02,56.08,39.35,0.99,12.95,34.95,1.63,2.92,205.0,Poor,2018,3,4,6,9,0.43561060787951544,64.29
76.96,164.74,24.87,39.58,56.62,38.32,0.99,12.7,40.45,1.39,2.92,180.0,Moderate,2018,3,5,0,10,0.46434174007481593,64.45
75.45,163.52,15.1,37.92,44.67,34.56,0.94,12.99,44.99,1.26,2.83,170.0,Moderate,2018,3,6,1,10,0.4586068563092633,53.02
87.62,178.53,25.71,45.6,54.4,36.46,1.11,13.23,45.24,1.7,3.57,192.0,Moderate,2018,3,7,2,10,0.4880521361332368,71.31
139.88,283.57,60.76,79.5,82.26,43.35,1.84,16.98,57.76,6.59,7.04,262.0,Poor,2018,3,8,3,10,0.4915486523526724,140.26
134.76,274.89,45.51,65.86,75.45,46.02,1.64,18.68,52.43,4.54,6.65,316.0,Very Poor,2018,3,9,4,10,0.4884555438761825,111.37
75.67,171.69,16.27,39.85,47.05,39.35,0.95,14.8,41.74,1.36,4.0,207.0,Poor,2018,3,10,5,10,0.43818402918524524,56.120000000000005
88.3,183.74,23.14,41.81,55.86,39.62,1.08,15.41,46.28,1.28,3.12,179.0,Moderate,2018,3,11,6,10,0.4779690375663094,64.95
105.29,223.67,28.38,45.32,65.27,42.8,1.18,17.48,44.49,1.29,3.51,236.0,Poor,2018,3,12,0,11,0.46864289847331647,73.7
109.22,245.66,41.54,56.5,73.67,42.23,1.54,17.22,43.79,1.87,4.78,241.0,Poor,2018,3,13,1,11,0.44279575123651993,98.03999999999999
116.62,328.98,60.02,64.82,87.49,40.47,1.63,17.39,48.03,2.85,5.34,287.0,Poor,2018,3,14,2,11,0.3534153585065761,124.84
108.98,314.72,36.34,48.86,66.89,43.23,1.23,16.08,37.77,3.53,5.3,314.0,Very Poor,2018,3,15,3,11,0.3451792727733434,85.2
111.67,256.67,27.56,41.48,62.19,42.2,1.09,16.61,43.04,4.14,4.59,269.0,Poor,2018,3,16,4,11,0.43338378546202505,69.03999999999999
81.57,170.16,21.81,32.61,44.69,33.72,1.09,13.63,37.89,1.73,2.68,218.0,Poor,2018,3,17,5,11,0.4765716288852535,54.42
82.15,173.07,18.88,31.72,41.03,30.32,1.2,17.22,45.83,0.93,2.17,177.0,Moderate,2018,3,18,6,11,0.4719365772390418,50.599999999999994
81.93,197.13,28.38,43.85,62.83,37.7,1.1,16.95,44.89,1.06,4.02,177.0,Moderate,2018,3,19,0,12,0.4135163781355676,72.23
109.99,249.2,44.27,55.71,82.08,44.26,1.42,20.52,51.95,3.19,7.16,224.0,Poor,2018,3,20,1,12,0.43960831334932055,99.98
133.53,280.94,30.35,45.33,66.03,49.85,1.36,24.36,52.82,4.03,5.93,302.0,Very Poor,2018,3,21,2,12,0.4736114066822728,75.68
83.4,176.02,13.53,33.49,41.53,42.95,1.0,17.14,45.99,1.92,3.93,226.0,Poor,2018,3,22,3,12,0.47113320528753816,47.02
64.2,151.45,14.86,34.53,42.49,34.91,0.89,12.75,46.6,1.57,3.61,171.0,Moderate,2018,3,23,4,12,0.4211216792390948,49.39
78.4,186.62,15.2,37.32,44.39,35.84,0.91,14.56,50.02,2.36,3.53,183.0,Moderate,2018,3,24,5,12,0.4178658991578723,52.519999999999996
85.34,190.95,11.77,34.66,41.31,37.35,0.96,15.57,54.47,1.74,2.91,202.0,Poor,2018,3,25,6,12,0.4445949466006773,46.42999999999999
85.9,198.67,19.04,41.2,51.42,36.49,1.06,16.28,52.72,2.64,3.4,203.0,Poor,2018,3,26,0,13,0.4302098462463065,60.24
111.26,256.4,42.38,60.75,76.0,37.92,1.52,18.5,49.55,4.42,5.92,246.0,Poor,2018,3,27,1,13,0.4322455322455323,103.13
117.78,280.25,55.87,71.04,79.52,37.48,1.74,16.27,57.85,6.14,7.37,293.0,Poor,2018,3,28,2,13,0.41877333333333333,126.91
95.98,217.49,17.1,41.56,49.23,37.18,1.01,16.53,57.43,2.72,3.78,238.0,Poor,2018,3,29,3,13,0.43928783926037807,58.660000000000004
96.45,241.13,21.45,45.84,58.22,37.57,1.11,15.95,58.75,3.12,5.64,234.0,Poor,2018,3,30,4,13,0.3983397348531781,67.29
101.59,292.49,25.6,44.76,57.92,42.4,1.17,16.59,67.56,2.96,5.24,269.0,Poor,2018,3,31,5,13,0.34614467273160926,70.36
75.14,199.8,15.98,37.97,46.42,37.86,1.01,14.13,68.76,2.97,3.11,217.0,Poor,2018,4,1,6,13,0.374203187250996,53.95
96.38,241.96,26.07,48.52,64.03,43.29,1.22,16.54,64.33,3.33,4.77,217.0,Poor,2018,4,2,0,14,0.3966908133026012,74.59
101.18,252.21,27.42,51.63,66.35,45.56,1.28,17.36,67.6,3.22,4.13,239.0,Poor,2018,4,3,1,14,0.3995892737253663,79.05000000000001
111.82,262.69,32.79,52.51,69.5,50.48,1.44,16.58,65.46,2.64,4.85,244.0,Poor,2018,4,4,2,14,0.4240585536046115,85.3
152.56,337.64,43.18,60.24,76.02,49.53,1.76,19.67,64.73,4.62,6.26,329.0,Very Poor,2018,4,5,3,14,0.4505079140089771,103.42
100.5,231.2,25.66,44.92,62.14,43.35,1.42,19.96,54.04,2.64,4.14,271.0,Poor,2018,4,6,4,14,0.43281653746770027,70.58
48.46,132.97,18.92,36.94,50.39,42.48,1.12,10.48,54.42,1.43,3.32,170.0,Moderate,2018,4,7,5,14,0.36172277375531836,55.86
50.27,137.52,13.22,34.29,41.32,44.48,1.09,10.5,56.29,0.95,2.63,142.0,Moderate,2018,4,8,6,14,0.3629078833381461,47.51
49.56,123.41,24.07,39.45,53.81,44.12,1.35,10.77,42.76,2.34,4.47,133.0,Moderate,2018,4,9,0,15,0.39836026042922595,63.52
93.89,251.98,35.24,45.16,65.04,52.07,1.57,12.65,60.94,4.38,13.51,205.0,Poor,2018,4,10,1,15,0.3711360581864179,80.4
48.61,125.53,16.25,32.33,41.68,39.88,0.99,11.21,46.34,4.24,11.48,179.0,Moderate,2018,4,11,2,15,0.38417766537580017,48.58
46.21,109.03,20.89,40.94,49.98,33.55,1.3,10.07,48.2,4.98,6.09,135.0,Moderate,2018,4,12,3,15,0.419976370080887,61.83
83.96,196.02,34.37,54.68,64.81,36.1,1.78,13.37,47.74,1.6,3.64,201.0,Poor,2018,4,13,4,15,0.4261496294792406,89.05
97.16,235.01,42.69,59.41,73.26,39.49,2.12,15.77,47.69,2.45,4.84,233.0,Poor,2018,4,14,5,15,0.4116774712935893,102.1
107.36,258.52,49.0,67.79,75.59,40.66,2.26,17.56,53.47,3.68,4.67,240.0,Poor,2018,4,15,6,15,0.41368680641183725,116.79
119.75,334.05,51.52,76.17,79.53,46.53,2.51,21.02,55.85,4.66,6.12,296.0,Poor,2018,4,16,0,16,0.35740934188927026,127.69
81.97,260.67,35.67,57.84,69.28,39.2,1.56,13.57,49.19,3.36,3.77,266.0,Poor,2018,4,17,1,16,0.31325715595979664,93.51
73.44,256.18,16.91,40.44,46.57,33.33,1.04,13.29,51.01,1.72,2.79,216.0,Poor,2018,4,18,2,16,0.2855587526246209,57.349999999999994
89.49,282.24,27.08,51.78,62.47,35.35,1.19,16.76,53.3,2.44,3.63,242.0,Poor,2018,4,19,3,16,0.31595113684507836,78.86
100.01,385.04,20.62,40.56,49.75,36.14,0.91,15.55,48.98,2.23,3.71,271.0,Poor,2018,4,20,4,16,0.2590664179877733,61.18000000000001
119.24,480.07,9.64,30.99,35.73,31.94,0.89,12.08,61.05,1.13,2.73,444.0,Severe,2018,4,21,5,16,0.24786413619639552,40.629999999999995
62.06,208.53,9.34,31.63,35.38,29.3,0.85,16.92,60.81,1.43,2.24,302.0,Very Poor,2018,4,22,6,16,0.29618670357466714,40.97
76.11,219.94,17.48,39.43,43.95,27.09,1.03,12.89,63.78,1.83,3.31,197.0,Moderate,2018,4,23,0,17,0.3444826649769168,56.91
108.64,274.05,27.8,57.07,61.05,32.19,1.28,17.01,59.45,3.36,5.14,242.0,Poor,2018,4,24,1,17,0.39498273041265225,84.87
117.56,313.41,46.07,82.47,77.25,31.94,2.02,15.1,48.81,6.04,8.18,287.0,Poor,2018,4,25,2,17,0.37390668235743135,128.54
142.82,397.1,44.46,78.5,78.44,41.32,2.09,17.89,65.07,5.52,6.76,329.0,Very Poor,2018,4,26,3,17,0.35875408188897256,122.96000000000001
107.47,336.49,22.69,49.86,54.16,51.03,1.41,12.96,69.49,2.86,4.75,351.0,Very Poor,2018,4,27,4,17,0.31843906486118106,72.55
84.13,316.52,11.33,36.11,41.23,44.78,1.14,12.38,75.5,1.7,3.23,288.0,Poor,2018,4,28,5,17,0.2649596875787352,47.44
89.1,259.12,13.32,42.57,48.22,47.69,1.26,16.1,69.07,1.87,3.3,259.0,Poor,2018,4,29,6,17,0.3425342149777026,55.89
79.3,214.51,21.81,46.42,58.38,49.72,1.12,11.9,60.39,1.71,3.66,221.0,Poor,2018,4,30,0,18,0.36796436360261703,68.23
54.88,165.91,11.11,33.37,41.04,44.37,0.81,8.8,65.54,1.18,1.91,173.0,Moderate,2018,5,1,1,18,0.32879995206997786,44.48
66.74,189.28,14.43,34.14,42.86,37.69,1.02,7.65,64.55,1.19,1.84,161.0,Moderate,2018,5,2,2,18,0.3507462686567164,48.57
47.25,153.75,15.63,31.77,40.96,38.01,1.23,9.52,50.16,0.94,2.3,167.0,Moderate,2018,5,3,3,18,0.3053311793214863,47.4
49.09,123.82,11.61,30.44,37.96,38.61,1.17,9.06,59.09,1.41,2.55,146.0,Moderate,2018,5,4,4,18,0.39328633231853877,42.05
74.82,196.76,23.26,46.75,55.93,44.85,1.74,11.85,59.48,2.46,4.28,174.0,Moderate,2018,5,5,5,18,0.37833737864077666,70.01
110.48,290.63,42.39,53.69,71.2,44.57,2.05,14.61,57.57,3.75,5.89,280.0,Poor,2018,5,6,6,18,0.3788361965504235,96.08
111.95,302.1,42.33,54.75,76.02,45.99,2.2,16.31,57.48,3.61,5.38,243.0,Poor,2018,5,7,0,19,0.3693500494886176,97.08
61.0,177.71,10.01,27.66,32.84,27.14,1.31,6.97,61.42,1.37,2.67,252.0,Poor,2018,5,8,1,19,0.3413351239438196,37.67
71.99,177.76,19.68,46.09,56.74,43.68,1.46,12.35,53.1,1.93,4.49,168.0,Moderate,2018,5,9,2,19,0.4027187290221526,65.77000000000001
93.45,215.34,28.94,52.15,68.21,53.84,2.41,12.02,57.78,2.3,4.57,218.0,Poor,2018,5,10,3,19,0.4319589534991218,81.09
132.39,315.8,35.51,65.41,75.54,51.67,2.73,16.58,65.24,4.4,5.38,292.0,Poor,2018,5,11,4,19,0.4178977272727272,100.91999999999999
144.33,353.5,45.32,74.13,88.45,65.63,3.2,17.75,67.9,4.15,5.23,330.0,Very Poor,2018,5,12,5,19,0.4071368124118477,119.44999999999999
80.64,236.35,17.22,31.22,44.1,59.34,2.1,11.48,67.88,1.31,2.15,285.0,Poor,2018,5,13,6,19,0.33975142195070573,48.44
49.22,137.39,13.4,40.3,41.85,46.61,2.05,11.3,56.2,1.07,2.34,174.0,Moderate,2018,5,14,0,20,0.35566153623816754,53.699999999999996
67.23,177.03,13.34,39.81,43.92,49.62,1.91,11.9,62.52,1.85,3.06,173.0,Moderate,2018,5,15,1,20,0.3776329832050778,53.150000000000006
78.74,221.21,16.47,41.79,45.65,43.11,1.11,9.25,54.41,2.59,3.61,194.0,Moderate,2018,5,16,2,20,0.3543494892219072,58.26
105.99,288.92,17.3,44.14,44.55,45.08,0.85,13.61,70.39,1.84,3.94,240.0,Poor,2018,5,17,3,20,0.3655836092715231,61.44
96.96,241.99,27.74,53.88,63.16,54.12,1.07,13.97,58.67,3.02,5.04,254.0,Poor,2018,5,18,4,20,0.3990287666159101,81.62
103.98,284.44,49.67,65.52,81.75,55.99,1.46,12.48,57.66,5.23,6.98,270.0,Poor,2018,5,19,5,20,0.3642797085201794,115.19
83.66,228.61,20.35,45.88,50.04,45.4,1.08,12.65,55.77,2.72,5.24,231.0,Poor,2018,5,20,6,20,0.3643569530943774,66.23
71.25,209.67,14.16,42.68,48.33,41.07,0.91,12.73,60.27,3.04,5.34,208.0,Poor,2018,5,21,0,21,0.3382066739450325,56.84
91.16,243.14,28.41,59.07,60.5,40.31,1.17,15.56,59.41,3.53,6.23,207.0,Poor,2018,5,22,1,21,0.3733923158843287,87.48
129.23,324.0,53.83,77.28,86.18,46.95,1.66,17.57,59.46,5.79,9.66,306.0,Very Poor,2018,5,23,2,21,0.3976307692307692,131.11
114.13,298.07,37.09,57.51,67.13,51.03,1.34,17.78,53.43,3.1,6.97,303.0,Very Poor,2018,5,24,3,21,0.3816163439997325,94.6
83.88,249.82,42.75,59.34,63.04,36.45,1.31,12.73,48.95,4.03,6.57,260.0,Poor,2018,5,25,4,21,0.33442309225739575,102.09
103.02,263.49,41.7,64.88,61.71,37.33,1.47,14.9,49.85,4.77,6.65,244.0,Poor,2018,5,26,5,21,0.3895043290861658,106.58
97.37,314.96,31.92,58.31,57.05,35.05,1.1,11.59,56.75,3.73,4.64,268.0,Poor,2018,5,27,6,21,0.3081719204962654,90.23
117.56,290.96,29.36,54.01,57.51,48.36,1.33,15.54,59.11,2.77,5.02,276.0,Poor,2018,5,28,0,22,0.4026578983422387,83.37
112.6,312.18,41.22,60.34,66.84,51.9,1.4,11.93,59.1,3.88,5.4,303.0,Very Poor,2018,5,29,1,22,0.3595376460821253,101.56
65.76,295.94,13.19,33.21,42.64,54.38,0.95,8.58,59.9,1.2,1.85,272.0,Poor,2018,5,30,2,22,0.22145888058193577,46.4
71.99,235.22,14.54,40.76,44.17,50.49,1.0,9.71,50.6,1.88,3.53,223.0,Poor,2018,5,31,3,22,0.304758276183219,55.3
79.98,233.97,8.65,30.14,33.87,48.38,0.81,8.24,58.87,1.48,3.18,196.0,Moderate,2018,6,1,4,22,0.34038387879303744,38.79
52.6,154.66,12.65,29.28,35.13,41.24,0.98,9.08,60.12,1.51,3.67,183.0,Moderate,2018,6,2,5,22,0.33791597070538354,41.93
59.52,140.21,16.93,31.51,43.09,43.82,0.84,7.79,57.87,1.32,3.37,154.0,Moderate,2018,6,3,6,22,0.4214998937752284,48.44
64.42,179.31,14.32,30.68,38.57,49.08,0.81,8.14,57.03,2.13,3.41,170.0,Moderate,2018,6,4,0,23,0.35727358438245244,45.0
61.72,152.57,9.58,27.67,32.62,43.21,0.82,7.51,48.46,2.52,4.69,160.0,Moderate,2018,6,5,1,23,0.40190141303640037,37.25
57.68,159.45,8.99,31.11,33.05,39.58,0.88,9.34,48.47,2.71,6.46,146.0,Moderate,2018,6,6,2,23,0.3594889373636647,40.1
73.77,165.33,10.21,33.8,37.99,40.17,0.96,10.1,60.18,4.76,6.4,166.0,Moderate,2018,6,7,3,23,0.443515902122287,44.01
76.78,196.34,9.8,31.27,36.1,46.72,0.95,7.75,54.22,2.56,4.55,180.0,Moderate,2018,6,8,4,23,0.3890746934225195,41.07
52.79,136.75,10.94,27.39,36.36,40.4,0.9,6.41,41.95,2.72,4.57,153.0,Moderate,2018,6,9,5,23,0.3832304900181488,38.33
67.02,141.09,16.94,34.23,38.52,49.24,0.93,7.35,45.16,2.67,7.04,153.0,Moderate,2018,6,10,6,23,0.47167288338377084,51.17
73.22,218.14,11.9,34.85,35.75,48.15,0.9,6.94,46.66,2.57,5.41,186.0,Moderate,2018,6,11,0,24,0.334124304097837,46.75
141.28,497.9,11.06,31.72,34.01,40.05,0.87,8.73,37.85,2.26,6.1,285.0,Poor,2018,6,12,1,24,0.28318300260573265,42.78
261.77,743.98,11.58,25.75,30.62,32.58,0.77,6.91,27.45,2.33,4.31,453.0,Severe,2018,6,13,2,24,0.3513785604982684,37.33
225.49,761.91,11.75,25.37,29.01,27.3,0.72,7.22,43.38,2.25,9.35,522.0,Severe,2018,6,14,3,24,0.29556566305330906,37.120000000000005
153.28,613.34,12.05,24.61,29.31,26.27,0.7,7.31,40.15,2.98,10.64,593.0,Severe,2018,6,15,4,24,0.24950353224598756,36.66
127.32,516.85,10.15,25.0,29.76,28.12,0.68,7.29,45.76,3.36,5.58,531.0,Severe,2018,6,16,5,24,0.24586270155450418,35.15
84.47,289.18,8.45,22.78,27.88,27.53,0.68,6.18,44.56,2.78,6.3,384.0,Very Poor,2018,6,17,6,24,0.29109518230064096,31.23
61.06,166.71,11.44,26.68,31.17,33.27,0.77,7.71,46.41,2.82,8.24,179.0,Moderate,2018,6,18,0,25,0.36408085385486855,38.12
52.76,152.06,10.85,26.52,29.02,31.25,0.68,6.5,53.39,3.73,8.34,146.0,Moderate,2018,6,19,1,25,0.3447014242780609,37.37
67.55,201.22,13.82,33.71,37.25,36.03,0.77,10.05,60.2,4.51,10.83,175.0,Moderate,2018,6,20,2,25,0.3340421323311245,47.53
76.98,273.16,11.17,34.82,35.93,38.44,0.75,9.73,66.75,3.89,11.19,221.0,Poor,2018,6,21,3,25,0.2807849430989203,45.99
83.98,247.55,23.62,45.06,53.22,44.46,0.99,12.38,64.38,4.69,13.08,249.0,Poor,2018,6,22,4,25,0.3378797022731845,68.68
81.33,242.29,17.78,44.23,49.29,44.27,0.96,11.68,66.18,4.26,13.63,228.0,Poor,2018,6,23,5,25,0.33429240823708334,62.01
54.15,163.89,10.39,34.98,37.1,34.64,0.77,13.73,59.17,2.66,10.24,194.0,Moderate,2018,6,24,6,25,0.3284007520164959,45.37
46.9,155.61,10.81,34.92,31.12,32.64,0.74,12.17,39.06,1.93,11.0,168.0,Moderate,2018,6,25,0,26,0.2994700210714513,45.730000000000004
29.98,92.12,8.89,34.16,26.14,35.67,0.72,13.16,33.09,1.81,17.81,128.0,Moderate,2018,6,26,1,26,0.3219501718213058,43.05
52.48,111.4,9.03,31.0,25.96,44.57,0.84,10.43,44.04,2.24,22.29,126.0,Moderate,2018,6,27,2,26,0.46690391459074726,40.03
30.07,71.42,8.68,29.01,23.9,44.84,0.76,8.48,33.17,1.65,18.35,99.0,Satisfactory,2018,6,28,3,26,0.4152167909417288,37.69
37.11,84.12,10.99,30.43,26.78,42.44,0.87,9.36,31.43,2.22,17.18,90.0,Satisfactory,2018,6,29,4,26,0.4359727443609022,41.42
41.41,103.75,10.42,32.89,28.23,40.71,0.91,9.55,31.21,2.3,21.04,113.0,Moderate,2018,6,30,5,26,0.39532219570405724,43.31
34.18,97.81,10.82,28.46,26.45,44.47,0.78,8.53,28.09,1.56,20.66,102.0,Moderate,2018,7,1,6,26,0.3459164052221435,39.28
34.24,122.23,7.87,25.74,22.61,36.17,0.65,8.82,33.79,0.98,15.01,111.0,Moderate,2018,7,2,0,27,0.2778544185669074,33.61
44.55,109.65,11.74,37.27,32.19,38.7,0.86,10.11,39.78,1.82,21.86,122.0,Moderate,2018,7,3,1,27,0.40262087663804785,49.010000000000005
45.76,113.75,8.01,31.17,25.67,37.0,0.78,10.14,45.71,1.88,22.27,128.0,Moderate,2018,7,4,2,27,0.39877995642701525,39.18
50.41,133.6,13.52,38.05,33.66,38.45,0.95,11.14,41.14,2.57,32.38,130.0,Moderate,2018,7,5,3,27,0.37451708766716196,51.56999999999999
57.12,163.19,16.15,36.71,35.28,48.7,0.94,10.27,40.01,2.31,31.73,147.0,Moderate,2018,7,6,4,27,0.34788964005116024,52.86
61.93,158.13,8.99,34.43,28.17,51.84,0.9,10.4,53.82,2.06,24.89,155.0,Moderate,2018,7,7,5,27,0.38917865895808457,43.42
68.2,179.05,14.86,39.85,35.86,57.11,0.98,11.6,65.27,2.31,30.07,176.0,Moderate,2018,7,8,6,27,0.3787836712024438,54.71
70.48,169.96,9.06,35.14,28.69,55.38,0.93,11.0,54.8,1.66,20.19,168.0,Moderate,2018,7,9,0,28,0.41226017781937296,44.2
47.48,112.45,7.74,28.19,24.09,47.18,0.81,10.92,43.89,1.07,17.31,140.0,Moderate,2018,7,10,1,28,0.41851035698545613,35.93
39.78,102.39,8.76,31.82,26.63,39.31,0.84,11.26,34.6,1.49,21.21,111.0,Moderate,2018,7,11,2,28,0.3847567463004159,40.58
46.53,127.08,10.21,34.22,28.48,35.01,0.76,10.92,45.16,1.49,21.79,130.0,Moderate,2018,7,12,3,28,0.36328856964397255,44.43
28.44,61.6,12.27,31.94,29.09,33.49,0.88,10.69,26.96,1.55,24.0,109.0,Moderate,2018,7,13,4,28,0.45431309904153355,44.21
33.82,70.35,13.24,31.63,31.3,34.11,0.84,11.13,29.2,1.81,29.69,96.0,Satisfactory,2018,7,14,5,28,0.4740014015416959,44.87
37.76,78.42,8.28,28.9,25.51,32.08,0.78,10.64,28.01,1.19,21.78,92.0,Satisfactory,2018,7,15,6,28,0.4754469906824477,37.18
37.32,83.03,13.87,33.31,32.44,36.19,0.96,9.51,23.59,1.61,31.33,95.0,Satisfactory,2018,7,16,0,29,0.444127097465191,47.18
34.26,84.78,11.89,30.73,28.81,41.85,0.87,10.2,31.96,1.53,28.84,105.0,Moderate,2018,7,17,1,29,0.3993937980881324,42.620000000000005
37.76,97.11,12.45,29.45,28.39,46.23,0.82,11.04,32.43,1.48,25.94,114.0,Moderate,2018,7,18,2,29,0.3848741208847212,41.9
35.04,83.54,10.58,27.41,25.71,41.74,0.8,11.14,31.96,1.31,22.7,106.0,Moderate,2018,7,19,3,29,0.4144783534421575,37.99
37.26,80.33,12.22,33.46,30.45,38.54,0.89,10.4,24.18,1.87,30.82,90.0,Satisfactory,2018,7,20,4,29,0.45813353006270746,45.68
50.21,95.93,17.99,36.48,37.03,43.54,0.97,11.2,32.23,2.32,32.24,114.0,Moderate,2018,7,21,5,29,0.5180026823480862,54.47
25.81,47.63,12.14,27.55,27.12,37.26,0.83,9.85,24.91,1.28,23.18,87.0,Satisfactory,2018,7,22,6,29,0.5307423401192679,39.69
32.39,69.73,14.28,28.74,29.43,39.3,0.81,10.43,26.11,1.39,23.1,80.0,Satisfactory,2018,7,23,0,30,0.45793863989820444,43.019999999999996
39.3,94.8,12.18,29.15,26.72,40.08,0.83,10.78,34.46,1.5,24.69,101.0,Moderate,2018,7,24,1,30,0.4102296450939457,41.33
34.7,80.13,15.59,27.58,28.48,39.46,0.81,9.99,21.39,1.18,26.71,90.0,Satisfactory,2018,7,25,2,30,0.42770861580179964,43.17
32.22,57.98,16.81,25.1,28.9,38.33,0.89,9.27,18.6,1.26,25.4,90.0,Satisfactory,2018,7,26,3,30,0.5462868769074263,41.91
21.75,35.79,14.04,23.41,25.77,33.02,0.91,9.13,19.82,1.46,30.17,68.0,Satisfactory,2018,7,27,4,30,0.591193259037782,37.45
37.69,67.2,13.43,21.59,24.43,29.08,0.73,9.55,24.11,1.36,22.84,71.0,Satisfactory,2018,7,28,5,30,0.5526392961876833,35.019999999999996
44.03,116.89,18.34,25.02,30.46,36.7,0.74,9.37,26.19,1.24,22.57,100.0,Satisfactory,2018,7,29,6,30,0.3734837560437696,43.36
39.89,122.86,15.98,25.06,28.28,42.39,0.8,8.96,28.09,1.08,22.42,122.0,Moderate,2018,7,30,0,31,0.32205716131115775,41.04
50.59,165.4,15.59,28.84,30.1,41.94,0.91,9.12,27.81,1.28,24.33,135.0,Moderate,2018,7,31,1,31,0.3040264423076923,44.43
55.77,195.09,19.92,26.14,32.34,38.58,0.94,9.71,29.94,1.38,22.32,155.0,Moderate,2018,8,1,2,31,0.28441021979703196,46.06
71.5,268.29,20.56,25.2,32.61,36.33,0.86,10.22,29.3,1.47,23.26,215.0,Poor,2018,8,2,3,31,0.2655130157079728,45.76
65.46,248.8,19.1,26.08,31.73,34.43,0.78,9.48,28.1,1.4,20.79,228.0,Poor,2018,8,3,4,31,0.26204963971176937,45.18
69.75,264.97,19.25,28.77,32.96,33.4,0.76,9.61,29.61,1.23,22.81,215.0,Poor,2018,8,4,5,31,0.2622476219122457,48.019999999999996
63.57,246.89,17.71,24.82,29.73,33.84,0.71,9.86,25.4,1.08,17.19,234.0,Poor,2018,8,5,6,31,0.2564443906571463,42.53
50.64,131.76,19.28,26.59,32.23,45.36,0.9,9.4,27.42,1.44,22.79,166.0,Moderate,2018,8,6,0,32,0.3814401928291654,45.870000000000005
44.54,110.19,18.64,26.15,31.04,40.11,0.98,10.65,32.06,1.55,24.7,123.0,Moderate,2018,8,7,1,32,0.4005755913301556,44.79
36.7,76.04,19.04,25.24,30.33,38.57,1.02,9.47,31.12,1.55,23.23,108.0,Moderate,2018,8,8,2,32,0.4763759086188993,44.28
36.84,91.15,17.18,24.98,29.1,38.58,0.89,9.85,34.11,1.37,21.43,102.0,Moderate,2018,8,9,3,32,0.3997829625610418,42.16
46.24,115.63,27.59,34.82,42.63,40.95,1.11,9.66,31.83,1.81,28.91,111.0,Moderate,2018,8,10,4,32,0.39646746120209214,62.41
32.72,98.26,18.61,24.06,28.8,36.5,0.7,8.84,27.66,1.28,22.4,106.0,Moderate,2018,8,11,5,32,0.3296393310497683,42.67
25.7,83.58,14.86,23.5,25.93,30.55,0.66,9.09,23.92,0.97,20.03,92.0,Satisfactory,2018,8,12,6,32,0.3038543390872547,38.36
32.75,106.03,16.15,25.04,28.15,34.65,0.84,9.26,27.7,1.11,23.38,102.0,Moderate,2018,8,13,0,33,0.30598897505372324,41.19
46.85,126.7,14.03,29.49,30.34,39.38,1.09,9.86,32.47,1.57,31.99,122.0,Moderate,2018,8,14,1,33,0.3668754894283477,43.519999999999996
43.0,117.21,9.88,23.72,22.86,37.96,0.84,8.85,34.04,1.41,30.1,128.0,Moderate,2018,8,15,2,33,0.36375941121732513,33.6
36.49,88.06,18.67,29.32,33.72,40.19,1.21,10.43,31.87,1.88,38.17,109.0,Moderate,2018,8,16,3,33,0.40972378172018864,47.99
32.98,80.82,18.25,24.58,30.72,37.68,0.98,9.26,30.62,1.88,35.61,109.0,Moderate,2018,8,17,4,33,0.4030799315570765,42.83
32.11,77.4,12.87,26.17,26.14,32.83,0.88,10.05,30.9,1.61,31.04,90.0,Satisfactory,2018,8,18,5,33,0.4095663265306122,39.04
47.01,96.0,18.92,31.85,33.12,31.46,1.07,11.4,32.1,1.63,32.28,100.0,Satisfactory,2018,8,19,6,33,0.4846391752577319,50.77
61.1,125.39,23.17,32.54,37.99,38.4,1.18,10.88,39.36,1.66,30.16,138.0,Moderate,2018,8,20,0,34,0.483424321544426,55.71
30.98,77.56,11.76,27.85,26.25,32.36,1.02,11.99,31.02,1.09,20.9,105.0,Moderate,2018,8,21,1,34,0.39434826883910384,39.61
29.75,74.91,14.93,28.18,28.73,28.58,0.9,11.43,25.33,1.23,25.98,91.0,Satisfactory,2018,8,22,2,34,0.3919114741140825,43.11
31.19,73.3,15.41,24.72,27.95,32.42,0.82,10.82,18.25,1.16,25.82,86.0,Satisfactory,2018,8,23,3,34,0.4197846567967699,40.129999999999995
23.71,88.0,17.54,24.6,29.81,28.45,0.8,10.4,19.29,1.15,27.47,89.0,Satisfactory,2018,8,24,4,34,0.26640449438202246,42.14
21.96,82.69,14.99,22.78,26.16,25.87,0.68,10.9,20.69,1.19,26.57,100.0,Satisfactory,2018,8,25,5,34,0.26239694109212575,37.77
23.96,77.21,9.89,19.92,20.16,24.13,0.6,10.31,24.77,0.96,20.49,85.0,Satisfactory,2018,8,26,6,34,0.30635468610152156,29.810000000000002
24.78,56.62,10.67,23.6,23.07,26.04,0.78,10.82,26.5,1.31,23.78,82.0,Satisfactory,2018,8,27,0,35,0.43005900728913576,34.27
29.26,58.76,14.65,25.52,27.65,27.99,0.85,10.84,21.91,1.53,28.19,81.0,Satisfactory,2018,8,28,1,35,0.48962516733601075,40.17
36.06,65.58,15.31,26.12,27.86,29.36,0.9,10.23,21.53,1.6,28.23,88.0,Satisfactory,2018,8,29,2,35,0.5416040853109042,41.43
41.26,95.47,21.4,28.28,34.45,29.82,0.95,9.97,27.06,1.78,30.81,97.0,Satisfactory,2018,8,30,3,35,0.42769772986420646,49.68
47.53,152.29,13.54,25.96,26.93,28.79,0.82,9.67,23.57,1.47,29.67,127.0,Moderate,2018,8,31,4,35,0.31006588818579167,39.5
45.19,110.35,19.47,28.51,31.54,31.04,1.02,10.53,19.58,2.24,34.3,132.0,Moderate,2018,9,1,5,35,0.4058374494836102,47.980000000000004
40.9,80.4,20.91,23.44,29.51,31.34,0.87,9.81,23.36,1.95,33.74,116.0,Moderate,2018,9,2,6,35,0.5024570024570024,44.35
42.06,72.38,17.6,27.63,30.0,30.05,1.06,9.96,26.15,2.11,29.86,89.0,Satisfactory,2018,9,3,0,36,0.5731807031888799,45.230000000000004
55.72,105.56,34.09,35.94,49.8,32.41,1.29,10.8,26.55,2.89,37.58,118.0,Moderate,2018,9,4,1,36,0.5228978978978979,70.03
39.77,101.8,21.85,30.63,37.55,29.56,1.04,9.62,20.64,2.12,31.65,108.0,Moderate,2018,9,5,2,36,0.3868677042801557,52.480000000000004
49.44,138.52,28.45,30.88,43.56,30.78,0.96,10.13,26.24,2.19,29.94,137.0,Moderate,2018,9,6,3,36,0.35435779816513757,59.33
42.11,87.03,30.95,37.91,49.1,32.06,1.1,10.75,28.23,2.51,36.86,117.0,Moderate,2018,9,7,4,36,0.4783596501192775,68.86
35.45,72.63,17.48,26.65,31.93,28.17,0.84,11.38,23.65,1.84,28.88,105.0,Moderate,2018,9,8,5,36,0.48146136085834584,44.129999999999995
29.1,56.92,10.53,23.58,24.12,24.71,0.72,10.98,26.36,1.05,17.3,86.0,Satisfactory,2018,9,9,6,36,0.5024171270718232,34.11
36.99,83.98,15.56,29.61,30.96,24.26,0.88,11.21,29.46,1.29,20.47,92.0,Satisfactory,2018,9,10,0,37,0.4352788891503883,45.17
28.33,78.11,19.0,26.0,32.0,23.37,0.78,9.77,23.21,1.36,24.81,91.0,Satisfactory,2018,9,11,1,37,0.3581089622045253,45.0
28.55,103.27,17.17,24.4,29.28,22.38,0.71,10.31,22.44,1.44,25.14,96.0,Satisfactory,2018,9,12,2,37,0.2738083820849717,41.57
27.49,115.88,19.96,23.21,30.78,20.34,0.63,11.24,23.11,1.28,24.6,108.0,Moderate,2018,9,13,3,37,0.23519849418206706,43.17
31.38,113.92,20.52,25.18,32.01,19.9,0.7,11.21,24.58,1.44,24.24,113.0,Moderate,2018,9,14,4,37,0.2730595196658545,45.7
37.48,125.81,26.65,27.72,37.7,22.31,0.8,11.74,25.86,2.29,24.43,126.0,Moderate,2018,9,15,5,37,0.29556028704360854,54.37
43.09,131.43,21.14,25.92,31.12,24.13,0.72,11.14,26.12,1.78,23.98,124.0,Moderate,2018,9,16,6,37,0.32537944574492184,47.06
55.86,157.59,22.25,29.15,33.99,25.37,0.78,11.12,35.01,1.68,21.94,135.0,Moderate,2018,9,17,0,38,0.352229018223091,51.4
54.94,165.11,15.0,29.8,28.63,24.13,0.75,11.95,38.79,1.71,23.97,154.0,Moderate,2018,9,18,1,38,0.3307446872554331,44.8
58.63,175.12,26.29,37.36,40.98,26.44,0.89,13.43,40.04,2.12,27.54,157.0,Moderate,2018,9,19,2,38,0.33289802407449465,63.65
73.3,185.23,28.51,38.16,42.01,29.96,0.98,14.41,49.18,2.75,35.2,173.0,Moderate,2018,9,20,3,38,0.39359931267787146,66.67
46.73,112.51,11.6,26.7,24.32,28.6,0.75,12.74,30.31,1.98,22.78,155.0,Moderate,2018,9,21,4,38,0.4116817901506475,38.3
24.29,46.36,10.07,21.72,19.92,23.58,0.73,11.11,23.89,1.7,24.61,76.0,Satisfactory,2018,9,22,5,38,0.5128800675675675,31.79
30.71,54.77,7.37,19.88,16.84,22.73,0.67,11.59,28.89,1.4,17.36,69.0,Satisfactory,2018,9,23,6,38,0.5506544737313968,27.25
21.46,35.84,14.91,25.07,25.46,22.73,0.74,11.08,19.54,2.44,21.7,63.0,Satisfactory,2018,9,24,0,39,0.5825190010857763,39.980000000000004
21.45,49.41,20.54,25.67,30.35,22.28,0.81,10.88,22.48,3.12,30.75,63.0,Satisfactory,2018,9,25,1,39,0.425510811346955,46.21
42.83,108.67,31.86,32.38,42.65,24.2,1.03,11.59,28.54,2.94,40.14,99.0,Satisfactory,2018,9,26,2,39,0.3905352420899061,64.24000000000001
71.44,171.42,66.23,37.42,73.58,30.7,1.5,12.78,35.24,4.84,60.29,151.0,Moderate,2018,9,27,3,39,0.41433708386498086,103.65
83.78,214.66,86.96,44.68,93.15,35.57,1.78,12.98,37.24,6.51,75.0,200.0,Moderate,2018,9,28,4,39,0.38848186960957065,131.64
92.46,230.62,61.52,46.15,74.55,37.78,1.57,13.08,41.92,6.0,72.97,229.0,Poor,2018,9,29,5,39,0.3991883257058976,107.67
69.49,155.26,20.83,34.52,35.4,31.15,1.0,12.38,35.54,2.9,34.63,176.0,Moderate,2018,9,30,6,39,0.44470753871752206,55.35
65.78,177.08,30.83,40.86,47.61,31.58,1.13,12.7,38.52,3.29,45.58,148.0,Moderate,2018,10,1,0,40,0.3693845462713387,71.69
76.03,185.21,31.9,36.68,46.51,35.08,1.11,12.25,35.8,3.8,47.19,186.0,Moderate,2018,10,2,1,40,0.4083024542183556,68.58
63.37,177.17,39.9,42.57,56.37,31.83,1.13,13.36,36.72,3.74,45.68,160.0,Moderate,2018,10,3,2,40,0.3556715496435988,82.47
97.4,235.14,40.37,48.01,59.34,37.79,1.34,14.42,45.63,4.97,56.91,206.0,Poor,2018,10,4,3,40,0.41246718048615233,88.38
121.12,270.61,65.84,53.69,83.28,42.52,1.62,17.27,44.88,6.75,76.45,268.0,Poor,2018,10,5,4,40,0.44593350760281286,119.53
78.87,199.37,44.04,44.71,61.88,36.24,1.23,13.42,32.93,4.74,50.77,237.0,Poor,2018,10,6,5,40,0.3936217996706094,88.75
81.14,221.03,39.4,44.81,57.51,35.47,1.25,14.33,42.38,4.61,50.09,189.0,Moderate,2018,10,7,6,40,0.36544611088591633,84.21000000000001
118.6,279.23,37.87,56.21,63.0,36.86,1.51,16.13,51.05,5.34,60.1,253.0,Poor,2018,10,8,0,41,0.4232237804660457,94.08
103.26,263.89,31.79,54.24,56.31,37.85,1.59,19.67,52.46,5.33,51.48,269.0,Poor,2018,10,9,1,41,0.38982219034316135,86.03
93.36,256.14,23.75,47.73,45.93,39.4,1.51,16.55,43.9,4.55,45.79,263.0,Poor,2018,10,10,2,41,0.3630707007855643,71.47999999999999
70.42,208.39,14.93,37.74,33.12,33.16,1.02,14.54,37.04,3.1,35.5,219.0,Poor,2018,10,11,3,41,0.3363102344906634,52.67
67.93,172.04,29.52,44.48,47.82,25.13,1.13,16.06,42.01,3.68,47.52,163.0,Moderate,2018,10,12,4,41,0.39256819232547396,74.0
132.93,264.13,54.11,49.89,68.66,33.8,1.41,17.91,42.0,5.82,56.08,264.0,Poor,2018,10,13,5,41,0.5013766831365746,104.0
91.88,217.12,36.38,47.34,53.99,30.33,1.3,16.07,40.16,4.23,41.27,237.0,Poor,2018,10,14,6,41,0.4212360168714469,83.72
115.96,280.24,50.19,55.44,68.24,33.54,1.61,17.96,44.92,5.51,57.84,253.0,Poor,2018,10,15,0,42,0.4123168823780401,105.63
139.18,342.5,84.92,64.18,100.51,43.63,2.2,19.19,54.38,7.92,78.45,309.0,Very Poor,2018,10,16,1,42,0.40518195050946143,149.10000000000002
137.29,323.31,67.3,52.81,81.62,42.22,1.93,17.13,44.29,6.99,63.99,332.0,Very Poor,2018,10,17,2,42,0.4233295303875921,120.11
143.2,337.98,100.87,57.64,112.6,48.05,2.47,18.46,44.65,8.83,83.91,330.0,Very Poor,2018,10,18,3,42,0.4224438019942179,158.51
137.73,313.84,40.85,54.31,61.47,41.31,1.66,18.35,51.05,6.59,58.94,300.0,Poor,2018,10,19,4,42,0.43746029729386354,95.16
168.87,328.13,37.49,54.04,59.64,37.9,1.55,19.82,47.64,5.99,54.68,344.0,Very Poor,2018,10,20,5,42,0.5130799380184122,91.53
141.15,294.36,49.17,55.77,71.3,38.07,1.52,20.59,42.61,5.73,57.74,325.0,Very Poor,2018,10,21,6,42,0.47789138678223186,104.94
121.65,274.68,49.3,55.49,71.09,36.59,1.55,17.74,41.32,5.75,49.87,296.0,Poor,2018,10,22,0,43,0.4412724898432966,104.78999999999999
119.4,302.16,65.36,63.32,87.65,35.0,1.84,19.49,44.7,7.1,62.35,274.0,Poor,2018,10,23,1,43,0.39385143158728064,128.68
174.04,384.46,103.62,77.72,129.52,44.37,2.52,20.95,56.09,10.68,100.96,354.0,Very Poor,2018,10,24,2,43,0.451512478597001,181.34
168.82,368.33,97.53,72.23,120.26,45.37,2.35,22.51,62.29,9.42,88.49,356.0,Very Poor,2018,10,25,3,43,0.4570979882489914,169.76
203.12,396.01,114.02,74.04,133.52,48.25,2.72,20.76,53.02,10.6,94.71,394.0,Very Poor,2018,10,26,4,43,0.5116243923326869,188.06
206.05,408.94,123.46,77.3,143.02,52.18,3.14,19.9,52.9,11.57,103.0,396.0,Very Poor,2018,10,27,5,43,0.5026345318827146,200.76
205.0,375.23,81.11,57.66,100.04,47.85,2.45,15.62,52.78,8.94,77.78,403.0,Severe,2018,10,28,6,43,0.5448794620312043,138.76999999999998
231.83,427.06,84.12,62.22,104.22,48.43,2.67,16.66,53.2,9.06,74.48,397.0,Very Poor,2018,10,29,0,44,0.5415829556604215,146.34
263.39,459.45,98.5,70.46,119.07,52.74,2.9,17.62,50.55,10.08,90.31,456.0,Severe,2018,10,30,1,44,0.5720273645346943,168.95999999999998
225.17,405.94,99.9,68.02,122.87,55.85,2.91,18.11,47.05,9.95,92.3,422.0,Severe,2018,10,31,2,44,0.5533248144689634,167.92000000000002
236.67,416.97,106.68,71.63,133.14,58.01,2.97,20.12,45.98,10.79,94.12,433.0,Severe,2018,11,1,3,44,0.5662368112543962,178.31
205.44,373.61,57.41,65.98,86.56,51.21,1.99,19.65,46.13,7.93,64.64,391.0,Very Poor,2018,11,2,4,44,0.548410346760631,123.39
159.56,298.85,21.22,47.39,45.59,48.63,1.43,17.1,45.43,4.98,35.39,353.0,Very Poor,2018,11,3,5,44,0.5321327330331832,68.61
97.27,179.85,14.18,34.18,30.79,36.62,1.0,15.01,51.96,2.56,19.99,238.0,Poor,2018,11,4,6,44,0.5378490461708598,48.36
361.98,500.01,26.22,48.25,48.8,44.82,1.88,14.63,45.0,5.5,34.14,424.0,Severe,2018,11,5,0,45,0.7225005488912397,74.47
177.88,312.87,23.48,43.78,44.84,31.18,1.29,15.37,45.01,3.88,24.85,411.0,Severe,2018,11,6,1,45,0.5667314493261542,67.26
175.43,300.54,30.57,45.14,52.43,30.5,1.44,19.39,51.22,4.15,20.77,317.0,Very Poor,2018,11,7,2,45,0.5817801949990051,75.71000000000001
420.3,509.73,89.1,64.57,106.68,44.2,2.45,26.52,38.35,9.12,44.0,452.0,Severe,2018,11,8,3,45,0.8229397137430736,153.67
300.91,440.76,89.45,68.25,109.68,49.84,2.65,17.41,47.94,9.12,55.65,487.0,Severe,2018,11,9,4,45,0.6811617167692866,157.7
288.86,447.4,99.32,79.5,127.11,55.35,3.01,18.01,42.55,10.17,81.74,430.0,Severe,2018,11,10,5,45,0.6442016057091883,178.82
256.68,425.12,91.92,70.55,113.81,55.03,2.89,16.2,51.68,9.37,71.1,454.0,Severe,2018,11,11,6,45,0.6023655308363841,162.47
271.7,464.28,75.93,71.88,101.5,58.85,2.85,17.4,53.37,9.5,69.49,437.0,Severe,2018,11,12,0,46,0.5839494497936727,147.81
265.06,441.43,85.28,74.72,111.18,62.24,2.74,18.72,37.8,9.65,74.6,454.0,Severe,2018,11,13,1,46,0.5991004226657324,160.0
136.2,225.77,41.75,59.36,67.48,53.0,1.68,16.02,31.95,5.38,42.88,361.0,Very Poor,2018,11,14,2,46,0.600608546103982,101.11
98.53,175.95,29.85,47.83,51.99,49.76,1.29,15.03,32.95,4.17,39.67,251.0,Poor,2018,11,15,3,46,0.5568239615710653,77.68
138.49,230.56,19.55,42.41,41.05,41.19,1.24,14.2,40.74,3.27,24.64,302.0,Very Poor,2018,11,16,4,46,0.5980739333218172,61.959999999999994
135.21,255.42,38.85,51.93,61.7,40.93,1.6,14.37,36.97,4.06,32.22,292.0,Poor,2018,11,17,5,46,0.5272989626394198,90.78
166.43,313.67,68.53,61.82,92.64,44.39,2.0,16.29,39.51,6.3,48.08,330.0,Very Poor,2018,11,18,6,46,0.5289032955159373,130.35
179.79,319.12,18.31,56.73,47.93,48.41,1.56,16.32,51.15,4.66,33.16,340.0,Very Poor,2018,11,19,0,47,0.5616331375734099,75.03999999999999
224.1,374.77,53.4,63.96,80.38,54.51,2.04,16.11,46.03,6.37,51.31,367.0,Very Poor,2018,11,20,1,47,0.5963754424248876,117.36
209.96,349.54,54.16,63.79,81.87,46.84,1.79,14.22,40.22,5.32,42.92,396.0,Very Poor,2018,11,21,2,47,0.5989616020996177,117.94999999999999
139.02,292.92,91.36,74.93,120.74,42.27,2.09,16.89,37.22,6.05,56.92,317.0,Very Poor,2018,11,22,3,47,0.4729858464888405,166.29000000000002
187.85,331.22,77.16,61.06,102.45,45.84,2.04,16.39,40.01,6.49,61.33,356.0,Very Poor,2018,11,23,4,47,0.5654385648064535,138.22
107.73,223.33,26.91,46.57,50.88,36.97,1.34,15.12,37.48,3.33,30.31,296.0,Poor,2018,11,24,5,47,0.480230018276646,73.48
133.62,268.83,59.31,58.16,84.38,39.78,1.72,16.56,37.17,4.61,43.22,266.0,Poor,2018,11,25,6,47,0.4952006819108328,117.47
200.69,362.41,94.45,68.3,120.55,47.15,2.43,20.11,39.8,7.01,61.96,349.0,Very Poor,2018,11,26,0,48,0.5522412701906937,162.75
205.53,378.23,152.0,78.94,176.98,53.89,3.32,18.31,34.02,10.54,92.77,396.0,Very Poor,2018,11,27,1,48,0.5419666165651451,230.94
193.1,356.12,120.37,69.6,146.11,53.87,2.85,15.96,34.61,8.67,73.8,363.0,Very Poor,2018,11,28,2,48,0.540714605734767,189.97
205.17,363.12,101.42,63.68,124.27,51.41,2.52,12.76,35.79,8.64,78.97,384.0,Very Poor,2018,11,29,3,48,0.5634680874436998,165.1
190.36,340.56,62.12,56.74,86.03,46.35,1.96,13.69,35.79,6.19,48.33,365.0,Very Poor,2018,11,30,4,48,0.5573252137252606,118.86
147.48,297.66,68.71,56.43,90.73,42.49,1.91,14.4,35.45,5.99,46.53,335.0,Very Poor,2018,12,1,5,48,0.49380566530502906,125.13999999999999
164.63,331.5,131.08,67.18,152.89,45.3,2.77,16.62,39.35,8.92,70.64,329.0,Very Poor,2018,12,2,6,48,0.4951278195488722,198.26000000000002
178.87,356.2,120.66,66.91,144.74,47.02,2.74,16.52,38.44,8.11,66.53,356.0,Very Poor,2018,12,3,0,49,0.5007558790593505,187.57
211.57,393.74,140.77,74.17,169.75,51.21,3.17,16.28,38.12,9.77,84.12,394.0,Very Poor,2018,12,4,1,49,0.535973045548969,214.94
181.62,345.32,121.66,65.87,142.92,49.26,2.59,15.89,32.33,7.76,60.99,374.0,Very Poor,2018,12,5,2,49,0.5244282744282744,187.53
218.06,395.33,136.49,71.73,156.61,52.53,3.04,16.49,40.87,10.22,86.38,385.0,Very Poor,2018,12,6,3,49,0.5501980672671763,208.22000000000003
193.81,353.86,85.29,54.83,105.05,49.16,2.09,14.11,32.45,7.45,57.31,376.0,Very Poor,2018,12,7,4,49,0.5461590486388999,140.12
202.83,358.72,85.16,59.06,107.05,49.42,2.2,15.47,37.6,7.6,57.49,366.0,Very Poor,2018,12,8,5,49,0.5638552207272323,144.22
226.35,388.23,103.19,65.3,127.78,50.23,2.67,18.08,39.85,9.42,70.17,389.0,Very Poor,2018,12,9,6,49,0.5815327698276083,168.49
264.63,453.77,89.36,66.58,121.45,55.63,2.75,16.74,42.51,8.92,57.53,431.0,Severe,2018,12,10,0,50,0.5818985421201927,155.94
274.97,461.98,93.61,68.87,124.9,58.67,2.78,15.49,41.9,8.53,59.75,464.0,Severe,2018,12,11,1,50,0.5939133439889412,162.48000000000002
209.63,327.23,56.21,55.1,80.05,51.27,1.95,14.64,36.34,6.65,49.37,443.0,Severe,2018,12,12,2,50,0.6386680071900801,111.31
94.29,162.44,35.89,42.59,56.05,40.31,1.21,13.07,24.89,3.74,34.89,264.0,Poor,2018,12,13,3,50,0.5769089574155654,78.48
113.42,196.85,39.15,45.22,60.27,42.01,1.22,12.5,27.74,3.76,27.97,248.0,Poor,2018,12,14,4,50,0.5732625726560526,84.37
122.69,211.8,30.33,47.31,53.33,41.97,1.22,13.34,29.58,3.88,27.13,274.0,Poor,2018,12,15,5,50,0.5765507518796992,77.64
150.28,252.01,42.76,50.86,65.32,45.92,1.42,15.76,32.7,4.34,31.02,295.0,Poor,2018,12,16,6,50,0.593968617841192,93.62
182.78,322.5,70.9,58.08,94.61,50.27,1.93,16.14,32.85,6.06,44.09,338.0,Very Poor,2018,12,17,0,51,0.5650077279752704,128.98000000000002
204.08,339.38,55.86,61.34,82.18,51.04,1.78,17.76,37.13,6.28,43.12,370.0,Very Poor,2018,12,18,1,51,0.5995651918444093,117.2
205.22,351.7,61.91,63.77,89.2,48.82,1.92,17.41,37.05,6.34,39.02,370.0,Very Poor,2018,12,19,2,51,0.5818542670825064,125.68
258.1,429.33,114.21,68.97,139.08,54.66,2.64,17.68,40.5,8.96,62.49,423.0,Severe,2018,12,20,3,51,0.5997722677944833,183.18
252.2,403.18,74.98,66.03,103.06,57.91,2.22,15.9,38.38,7.39,46.63,422.0,Severe,2018,12,21,4,51,0.6239794151120788,141.01
326.79,502.83,85.55,78.71,117.64,60.21,2.59,18.47,44.98,8.63,55.27,468.0,Severe,2018,12,22,5,51,0.6486116348768435,164.26
401.58,560.68,112.95,77.63,145.67,67.29,3.36,18.21,50.65,10.84,74.07,557.0,Severe,2018,12,23,6,51,0.7149622560888763,190.57999999999998
378.68,546.59,123.73,75.26,152.77,65.75,3.36,17.86,43.25,10.58,73.62,577.0,Severe,2018,12,24,0,52,0.6915392903449661,198.99
268.2,399.37,45.37,61.2,74.6,57.34,1.9,14.14,36.37,6.63,38.49,475.0,Severe,2018,12,25,1,52,0.6698803606663836,106.57
241.0,366.1,59.69,65.2,89.51,50.38,1.99,15.37,39.09,6.56,36.39,405.0,Severe,2018,12,26,2,52,0.6564968673385998,124.89
290.1,453.45,110.91,78.43,143.91,56.6,2.87,18.03,40.96,10.25,70.74,458.0,Severe,2018,12,27,3,52,0.6383540543514139,189.34
249.23,387.84,39.19,60.59,68.5,55.46,1.66,14.8,37.38,5.4,30.25,413.0,Severe,2018,12,28,4,52,0.6409577203991359,99.78
248.12,399.14,74.28,64.97,102.0,51.53,1.96,16.49,39.29,6.34,37.55,420.0,Severe,2018,12,29,5,52,0.620082970960164,139.25
336.42,503.99,127.84,76.89,157.78,57.55,2.94,19.91,42.87,9.87,65.05,484.0,Severe,2018,12,30,6,52,0.6661914097308858,204.73000000000002
319.69,494.51,105.28,70.54,133.87,56.0,2.7,17.38,41.44,9.1,59.74,509.0,Severe,2018,12,31,0,1,0.6451736594619685,175.82
287.34,461.02,92.04,69.46,121.07,56.66,2.54,17.77,39.58,8.09,48.84,475.0,Severe,2019,1,1,1,1,0.6219211289554565,161.5
331.2,515.72,101.08,75.06,133.85,63.63,2.78,18.27,43.3,10.04,58.7,501.0,Severe,2019,1,2,2,1,0.6409660938225731,176.14
355.4,519.34,77.92,66.2,106.99,61.02,2.55,15.12,39.77,8.91,56.57,537.0,Severe,2019,1,3,3,1,0.6830149517623092,144.12
246.46,388.79,47.83,57.53,74.39,53.09,2.01,13.22,28.75,6.78,40.5,432.0,Severe,2019,1,4,4,1,0.6322891813540624,105.36
262.53,411.49,64.97,60.35,90.67,56.49,2.23,15.59,36.33,8.5,51.69,440.0,Severe,2019,1,5,5,1,0.6364517927707337,125.32
174.26,254.66,28.3,51.94,54.18,55.71,1.49,13.65,31.48,5.08,31.15,371.0,Very Poor,2019,1,6,6,1,0.6816083861378393,80.24
181.74,283.88,49.0,52.45,72.14,56.06,1.57,15.49,27.11,5.29,34.1,331.0,Very Poor,2019,1,7,0,2,0.6379528222409436,101.45
156.26,242.02,31.32,48.95,54.76,49.69,1.31,14.67,27.37,4.16,24.24,340.0,Very Poor,2019,1,8,1,2,0.6429923463089458,80.27000000000001
143.66,238.94,26.14,49.49,50.88,43.53,1.3,15.09,30.9,3.91,22.96,321.0,Very Poor,2019,1,9,2,2,0.5987330165874802,75.63
165.95,278.87,54.31,58.22,80.36,44.67,1.75,16.81,30.92,5.15,33.81,317.0,Very Poor,2019,1,10,3,2,0.5929538714403115,112.53
278.95,432.2,118.55,76.71,151.4,56.53,2.9,20.03,35.61,10.0,73.38,401.0,Severe,2019,1,11,4,2,0.6439289012003694,195.26
311.03,465.89,117.23,85.14,148.93,63.46,3.11,17.81,39.78,10.49,73.27,482.0,Severe,2019,1,12,5,2,0.666174045278331,202.37
272.45,403.32,64.96,66.11,94.9,63.66,2.36,17.83,37.53,7.7,50.53,464.0,Severe,2019,1,13,6,2,0.6738474475662841,131.07
94.44,173.94,18.5,42.16,40.87,40.52,1.04,15.05,31.33,2.77,19.45,320.0,Very Poor,2019,1,14,0,3,0.5398422316222705,60.66
134.57,229.1,36.34,52.45,61.72,39.74,1.37,17.09,29.85,3.88,24.31,248.0,Poor,2019,1,15,1,3,0.5848326814428509,88.79
271.96,424.07,108.12,83.75,142.71,55.19,2.58,20.35,33.75,8.8,53.96,383.0,Very Poor,2019,1,16,2,3,0.6398005034464911,191.87
358.91,519.49,108.96,84.74,147.7,60.95,3.13,19.63,39.76,10.74,66.34,515.0,Severe,2019,1,17,3,3,0.6895617591116064,193.7
237.22,364.61,56.97,68.58,88.33,48.6,2.06,14.7,30.35,7.09,44.42,437.0,Severe,2019,1,18,4,3,0.6488334564153059,125.55
262.68,402.21,100.7,77.9,133.24,50.3,2.35,18.07,34.75,8.27,55.89,411.0,Severe,2019,1,19,5,3,0.6514719376999579,178.60000000000002
314.59,478.43,158.63,106.04,195.81,62.37,3.66,20.98,45.03,12.17,92.09,480.0,Severe,2019,1,20,6,3,0.656175041194752,264.67
175.49,289.4,58.34,63.04,85.11,57.52,1.83,16.82,32.77,6.36,36.57,413.0,Severe,2019,1,21,0,4,0.6043044077134987,121.38
53.25,72.61,14.1,38.56,34.22,39.73,1.01,11.87,27.01,2.16,19.7,174.0,Moderate,2019,1,22,1,4,0.7234071457682381,52.660000000000004
135.68,211.71,55.53,48.14,76.5,42.37,1.62,14.17,26.51,5.6,40.42,186.0,Moderate,2019,1,23,2,4,0.6378637581683982,103.67
130.59,218.93,37.42,44.11,58.86,41.06,1.44,15.29,30.57,4.78,44.97,328.0,Very Poor,2019,1,24,3,4,0.5937798390396944,81.53
81.2,136.43,16.96,40.03,38.45,34.17,1.01,14.62,30.01,2.42,27.94,188.0,Moderate,2019,1,25,4,4,0.5908462489994907,56.99
101.61,169.32,15.3,38.43,35.94,33.64,0.98,14.48,35.41,2.57,16.99,231.0,Poor,2019,1,26,5,4,0.5965829027712541,53.730000000000004
136.47,217.45,19.78,45.27,42.16,35.34,1.1,15.89,33.34,3.13,19.33,275.0,Poor,2019,1,27,6,4,0.6247196154726482,65.05000000000001
126.48,212.42,22.97,49.13,46.7,34.49,1.06,15.76,33.6,3.19,20.16,301.0,Very Poor,2019,1,28,0,5,0.5926342423390498,72.1
142.0,235.85,33.51,51.47,58.67,36.19,1.24,18.56,33.83,3.87,27.11,297.0,Poor,2019,1,29,1,5,0.599535571036521,84.97999999999999
206.14,334.21,61.02,63.7,89.54,42.99,1.76,24.75,35.84,5.45,42.52,342.0,Very Poor,2019,1,30,2,5,0.6149577876554996,124.72
204.25,335.07,72.47,65.7,101.46,49.6,1.9,20.48,37.52,6.82,50.25,397.0,Very Poor,2019,1,31,3,5,0.6077602880352307,138.17000000000002
178.68,265.65,23.24,50.75,48.72,49.42,1.34,17.83,33.12,4.43,26.59,329.0,Very Poor,2019,2,1,4,5,0.6700918807425464,73.99
177.32,266.3,17.57,35.89,35.82,43.55,1.24,11.55,30.88,3.93,22.16,338.0,Very Poor,2019,2,2,5,5,0.6633744855967078,53.46
131.1,209.41,20.77,34.53,37.93,40.43,1.32,11.7,29.44,3.28,20.96,323.0,Very Poor,2019,2,3,6,5,0.6230692457582815,55.3
144.62,248.49,53.8,52.85,76.95,39.88,1.81,14.06,33.42,4.9,33.18,301.0,Very Poor,2019,2,4,0,6,0.579662511523508,106.65
256.33,408.32,122.8,75.89,153.6,53.81,2.95,22.38,46.33,8.99,77.07,398.0,Very Poor,2019,2,5,1,6,0.6262337535424607,198.69
177.25,270.92,39.1,50.55,62.85,53.76,1.64,15.59,34.4,5.1,33.57,380.0,Very Poor,2019,2,6,2,6,0.6518461312150632,89.65
65.65,107.83,12.05,30.8,27.94,37.84,0.84,11.12,30.25,2.15,16.32,233.0,Poor,2019,2,7,3,6,0.6032344022787834,42.85
72.29,156.6,31.23,39.24,49.45,29.11,0.94,12.66,30.59,2.78,24.72,136.0,Moderate,2019,2,8,4,6,0.45869289340101527,70.47
82.5,165.94,22.67,38.31,41.45,28.42,0.96,13.25,33.55,2.51,21.49,169.0,Moderate,2019,2,9,5,6,0.4941895291721577,60.980000000000004
143.31,255.47,47.91,49.26,69.38,33.83,1.36,16.41,33.03,4.12,28.28,277.0,Poor,2019,2,10,6,6,0.5587788045385425,97.16999999999999
173.61,304.98,72.35,58.56,95.55,39.17,1.78,17.52,37.03,5.97,41.78,332.0,Very Poor,2019,2,11,0,7,0.5673900254918622,130.91
208.64,357.36,74.17,66.37,101.01,46.24,2.09,19.93,43.29,7.38,59.23,357.0,Very Poor,2019,2,12,1,7,0.5822078356959481,140.54000000000002
198.26,336.99,65.24,70.04,96.09,47.95,1.94,18.61,43.36,6.6,46.95,372.0,Very Poor,2019,2,13,2,7,0.5865854019349684,135.28
153.73,237.08,27.78,53.15,54.06,45.64,1.42,14.53,32.61,4.69,29.52,350.0,Very Poor,2019,2,14,3,7,0.6457073252688171,80.93
123.46,194.76,25.13,44.28,45.94,39.19,1.22,15.38,28.15,3.64,24.5,275.0,Poor,2019,2,15,4,7,0.6306702084184715,69.41
112.34,181.64,17.27,33.33,33.34,35.16,1.13,12.92,26.45,2.79,20.22,288.0,Poor,2019,2,16,5,7,0.6150897941305301,50.599999999999994
99.27,180.93,23.24,42.59,41.77,31.82,1.09,15.14,34.81,2.82,20.46,247.0,Poor,2019,2,17,6,7,0.5456494256032539,65.83
109.11,215.05,32.98,56.12,56.8,33.82,1.18,16.78,33.69,3.38,26.07,278.0,Poor,2019,2,18,0,8,0.5050219856514695,89.1
126.12,229.75,40.67,55.44,65.95,41.33,1.56,15.93,36.66,3.97,34.03,232.0,Poor,2019,2,19,1,8,0.5465655471289275,96.11
102.3,185.4,38.46,51.88,63.41,41.41,1.4,17.16,23.68,4.45,40.74,305.0,Very Poor,2019,2,20,2,8,0.5488197424892703,90.34
73.33,178.07,46.44,47.15,67.04,38.24,1.37,20.1,34.41,3.76,31.74,158.0,Moderate,2019,2,21,3,8,0.40950466298095717,93.59
73.9,147.86,25.55,33.95,41.61,39.11,1.07,13.94,28.45,3.24,24.76,191.0,Moderate,2019,2,22,4,8,0.4964396076850732,59.5
56.51,115.07,11.62,36.12,30.5,26.26,0.85,15.66,37.26,2.09,15.68,116.0,Moderate,2019,2,23,5,8,0.48686137675540625,47.739999999999995
89.34,161.89,19.34,46.26,42.89,29.95,1.03,18.99,38.02,2.43,22.6,169.0,Moderate,2019,2,24,6,8,0.5484682914850513,65.6
92.36,172.59,35.85,53.86,62.0,34.51,1.24,18.07,42.49,3.13,31.49,221.0,Poor,2019,2,25,0,9,0.5320582982890719,89.71000000000001
59.97,120.3,24.36,50.31,48.45,32.19,0.95,16.88,32.19,2.49,28.02,144.0,Moderate,2019,2,26,1,9,0.49439406430338007,74.67
47.18,91.52,14.25,35.07,33.41,26.57,0.79,12.52,31.38,1.67,20.26,112.0,Moderate,2019,2,27,2,9,0.5099437959360138,49.32
96.38,180.46,40.92,45.02,60.89,31.23,1.25,16.98,35.95,3.14,31.82,198.0,Moderate,2019,2,28,3,9,0.5311363385870164,85.94
93.83,181.26,37.55,48.87,60.61,30.2,1.17,15.81,37.75,3.02,33.92,222.0,Poor,2019,3,1,4,9,0.5148140019752003,86.41999999999999
109.6,182.54,40.68,62.05,70.66,36.48,1.36,17.96,25.07,4.51,41.24,227.0,Poor,2019,3,2,5,9,0.5971450365043043,102.72999999999999
62.92,105.16,20.21,40.61,41.09,30.98,1.16,13.48,33.59,2.32,25.83,172.0,Moderate,2019,3,3,6,9,0.592690278824416,60.82
105.93,180.84,49.62,40.1,67.55,37.26,1.54,14.75,38.13,3.92,33.07,217.0,Poor,2019,3,4,0,10,0.5825450945886493,89.72
68.86,135.4,18.77,40.05,37.94,28.71,1.01,14.26,36.3,2.73,21.24,173.0,Moderate,2019,3,5,1,10,0.5048387096774193,58.81999999999999
83.45,168.32,32.02,45.3,53.83,29.05,1.25,15.16,33.71,3.38,28.52,189.0,Moderate,2019,3,6,2,10,0.49285376801322944,77.32
104.61,212.7,55.04,51.9,78.33,32.79,1.48,16.39,39.32,5.34,40.26,228.0,Poor,2019,3,7,3,10,0.4895180159101544,106.94
92.07,199.28,38.94,51.75,63.98,32.86,1.27,17.44,37.86,4.78,39.27,220.0,Poor,2019,3,8,4,10,0.45970641102456555,90.69
73.31,162.18,20.1,40.84,41.64,30.68,0.99,17.3,33.51,3.06,27.63,194.0,Moderate,2019,3,9,5,10,0.44925848755974995,60.940000000000005
73.98,163.8,20.28,44.17,43.2,27.17,0.96,16.36,44.11,3.34,22.35,157.0,Moderate,2019,3,10,6,10,0.4489077669902913,64.45
82.17,205.43,27.71,52.91,53.94,30.69,1.24,18.44,42.09,4.35,28.53,190.0,Moderate,2019,3,11,0,11,0.3980526086324662,80.62
57.28,129.4,14.64,37.45,34.98,29.97,0.93,13.82,37.15,2.9,28.82,149.0,Moderate,2019,3,12,1,11,0.43926380368098156,52.09
89.17,231.19,31.0,57.03,59.86,32.39,1.27,22.48,33.94,4.61,38.19,168.0,Moderate,2019,3,13,2,11,0.38403893363193936,88.03
111.2,217.74,45.43,48.81,69.01,39.07,1.36,17.54,28.81,5.84,43.04,281.0,Poor,2019,3,14,3,11,0.5083660967358508,94.24000000000001
74.88,144.35,30.36,41.27,50.74,32.74,1.0,16.21,33.4,3.55,26.99,183.0,Moderate,2019,3,15,4,11,0.5151702786377709,71.63
68.64,140.6,15.28,40.6,37.43,27.95,0.92,15.72,43.66,2.82,19.21,143.0,Moderate,2019,3,16,5,11,0.4847457627118644,55.88
93.61,184.01,26.28,46.88,50.26,30.56,1.07,19.96,42.0,3.79,26.23,198.0,Moderate,2019,3,17,6,11,0.5059726501270202,73.16
100.32,202.01,30.43,50.33,56.61,32.06,1.19,20.36,43.21,4.13,28.14,221.0,Poor,2019,3,18,0,12,0.49416284912073294,80.75999999999999
103.77,227.07,43.9,55.47,71.06,33.86,1.29,20.72,40.14,4.94,35.57,239.0,Poor,2019,3,19,1,12,0.4549918884552988,99.37
89.82,237.61,37.34,54.67,64.3,36.5,1.35,21.42,40.41,4.72,32.18,234.0,Poor,2019,3,20,2,12,0.3764301579984074,92.01
112.29,197.17,20.46,34.63,37.11,39.26,1.34,19.99,46.64,4.69,20.48,272.0,Poor,2019,3,21,3,12,0.566634707574305,55.09
38.43,119.87,13.54,32.19,28.73,27.85,0.74,16.06,46.73,1.85,12.49,141.0,Moderate,2019,3,22,4,12,0.31794489947877885,45.73
55.62,138.56,8.76,34.57,27.32,26.54,0.89,17.52,52.24,2.27,14.11,131.0,Moderate,2019,3,23,5,12,0.3985382631126397,43.33
53.28,133.47,12.55,34.25,30.81,27.52,0.82,19.06,42.57,2.1,18.18,126.0,Moderate,2019,3,24,6,12,0.3962222056964379,46.8
65.0,150.34,11.9,34.84,30.48,30.32,0.93,20.19,36.06,2.59,18.57,136.0,Moderate,2019,3,25,0,13,0.4294964979516321,46.74
75.82,169.16,16.61,40.8,37.75,29.95,1.04,19.26,41.35,3.25,20.89,162.0,Moderate,2019,3,26,1,13,0.4455806299952985,57.41
78.37,186.49,26.56,49.68,50.71,29.54,1.22,20.35,43.23,3.96,26.16,177.0,Moderate,2019,3,27,2,13,0.41799562643340976,76.24
116.55,260.26,55.47,60.18,81.85,34.47,1.76,24.86,48.44,6.64,46.43,245.0,Poor,2019,3,28,3,13,0.44610732603536707,115.65
112.67,257.27,62.67,60.4,89.35,40.53,1.8,19.52,46.51,6.85,54.66,273.0,Poor,2019,3,29,4,13,0.43624888682386653,123.07
102.27,238.99,38.68,53.75,64.31,41.4,1.51,22.39,51.49,5.34,39.48,252.0,Poor,2019,3,30,5,13,0.4261427559481645,92.43
58.96,177.53,15.14,38.42,35.27,32.06,0.94,18.9,48.72,2.54,19.16,198.0,Moderate,2019,3,31,6,13,0.3302526186075169,53.56
59.08,170.14,11.3,38.55,32.02,27.21,0.88,20.09,54.95,2.46,14.87,153.0,Moderate,2019,4,1,0,14,0.34521444431459625,49.849999999999994
90.1,211.47,29.38,55.76,57.47,29.3,1.19,24.4,54.67,4.02,27.15,194.0,Moderate,2019,4,2,1,14,0.42405986727538003,85.14
85.02,206.04,30.83,54.91,58.01,30.85,1.32,21.6,51.06,4.1,30.97,208.0,Poor,2019,4,3,2,14,0.410645285935085,85.74
119.71,270.77,53.23,63.62,81.06,37.04,1.8,29.11,60.25,6.57,44.58,260.0,Poor,2019,4,4,3,14,0.4404827611583324,116.85
125.44,281.53,61.96,64.7,90.76,41.23,1.96,28.67,57.0,6.53,44.11,284.0,Poor,2019,4,5,4,14,0.4439882490355007,126.66
96.6,303.71,29.62,48.72,53.28,37.35,1.32,23.23,50.84,4.68,31.87,269.0,Poor,2019,4,6,5,14,0.31702274293590627,78.34
152.91,355.22,31.7,44.64,52.96,52.01,1.49,21.35,53.16,5.88,27.68,315.0,Very Poor,2019,4,7,6,14,0.4292572006063668,76.34
81.3,280.23,24.07,45.87,47.31,41.0,1.06,15.1,51.32,2.83,23.2,284.0,Poor,2019,4,8,0,15,0.2890872239803719,69.94
87.74,225.5,33.85,53.88,60.44,38.26,1.44,22.03,57.86,4.92,31.98,240.0,Poor,2019,4,9,1,15,0.38737306843267105,87.73
101.94,247.53,55.11,56.82,80.11,40.97,1.76,20.84,50.86,6.07,38.21,263.0,Poor,2019,4,10,2,15,0.4101718102442361,111.93
70.25,204.19,29.03,47.54,53.99,34.96,1.21,21.51,48.59,3.28,32.83,196.0,Moderate,2019,4,11,3,15,0.34236561235927676,76.57
61.34,217.0,19.27,40.09,40.63,34.06,1.12,19.48,51.94,2.79,27.97,202.0,Poor,2019,4,12,4,15,0.28137614678899087,59.36
55.93,175.93,15.35,37.89,35.19,33.66,1.06,20.82,45.3,2.42,25.55,175.0,Moderate,2019,4,13,5,15,0.31611371728932347,53.24
51.51,168.11,15.19,36.61,34.28,29.84,1.02,20.65,41.86,2.02,20.11,150.0,Moderate,2019,4,14,6,15,0.3045946425403583,51.8
54.84,187.59,29.69,41.92,50.81,29.21,1.28,22.2,42.3,2.74,25.15,163.0,Moderate,2019,4,15,0,16,0.2907895434540538,71.61
59.08,186.75,17.1,35.01,35.08,30.98,1.1,12.59,47.49,2.52,18.41,206.0,Poor,2019,4,16,1,16,0.3146737683089214,52.11
22.14,62.49,9.73,26.84,23.56,26.7,0.9,11.1,45.44,1.16,10.16,102.0,Moderate,2019,4,17,2,16,0.3487163332808316,36.57
38.92,91.55,15.97,39.07,35.02,26.28,1.01,15.05,50.12,2.26,16.68,104.0,Moderate,2019,4,18,3,16,0.42052944354403027,55.04
71.62,155.39,26.94,47.56,49.15,29.85,1.24,21.22,45.45,3.13,22.01,151.0,Moderate,2019,4,19,4,16,0.45795766992774484,74.5
90.55,193.76,30.3,55.28,56.28,29.35,1.42,26.03,55.67,3.8,21.84,199.0,Moderate,2019,4,20,5,16,0.46493119737112343,85.58
95.24,219.06,44.24,58.95,69.32,31.53,1.66,22.16,50.13,4.44,29.87,225.0,Poor,2019,4,21,6,16,0.43279105698445874,103.19
110.16,255.31,48.31,61.72,74.42,36.99,1.87,29.31,56.24,5.89,36.82,246.0,Poor,2019,4,22,0,17,0.42979204869103815,110.03
104.17,277.28,56.94,63.45,83.46,38.2,1.92,25.76,53.24,6.09,47.16,257.0,Poor,2019,4,23,1,17,0.37433520195486564,120.39
85.7,262.58,12.55,51.58,39.67,37.64,1.41,19.17,61.45,3.75,25.22,232.0,Poor,2019,4,24,2,17,0.32513847788147815,64.13
86.41,274.39,9.48,39.89,30.31,40.86,1.31,17.67,65.26,3.38,23.29,251.0,Poor,2019,4,25,3,17,0.31377319437888085,49.370000000000005
82.37,244.21,30.38,50.69,52.86,32.2,1.34,26.12,47.45,4.54,35.45,223.0,Poor,2019,4,26,4,17,0.3359161535010807,81.07
73.06,301.82,15.19,39.8,34.4,28.15,1.05,21.85,52.16,2.92,23.25,248.0,Poor,2019,4,27,5,17,0.2412654382141206,54.989999999999995
76.44,285.73,17.66,40.9,35.31,25.63,1.06,20.02,54.0,2.53,25.12,269.0,Poor,2019,4,28,6,17,0.2665922644997035,58.56
84.04,274.83,33.17,52.04,53.91,27.82,1.33,23.71,50.32,4.05,31.9,256.0,Poor,2019,4,29,0,18,0.3046804190987203,85.21000000000001
95.72,284.13,32.91,59.32,57.61,31.91,1.62,26.58,57.54,4.92,33.92,257.0,Poor,2019,4,30,1,18,0.3357065198330586,92.22999999999999
111.57,323.97,35.18,63.15,58.94,36.73,1.61,27.67,65.95,4.87,31.18,285.0,Poor,2019,5,1,2,18,0.34332399913838196,98.33
77.72,282.83,20.46,43.19,36.46,36.44,1.19,18.26,65.33,3.25,24.4,275.0,Poor,2019,5,2,3,18,0.27382588168974387,63.65
52.16,149.1,25.52,49.82,43.92,32.34,1.09,17.91,64.36,2.63,20.92,202.0,Poor,2019,5,3,4,18,0.3475016655562958,75.34
77.96,196.87,38.81,59.78,54.6,30.39,1.26,18.19,46.34,3.06,23.01,182.0,Moderate,2019,5,4,5,18,0.3939960580178905,98.59
101.25,249.97,39.94,55.16,57.99,22.41,1.51,21.93,52.97,2.68,20.52,231.0,Poor,2019,5,5,6,18,0.4034346734669482,95.1
118.9,295.84,62.99,70.81,84.3,31.51,1.93,23.72,55.91,5.08,37.46,267.0,Poor,2019,5,6,0,19,0.40055248618784534,133.8
128.78,378.89,79.63,69.77,103.77,35.25,1.98,22.77,40.32,5.29,41.56,310.0,Very Poor,2019,5,7,1,19,0.33899286635605047,149.39999999999998
143.34,415.23,77.12,60.85,100.34,35.57,2.0,25.84,47.34,6.33,51.12,389.0,Very Poor,2019,5,8,2,19,0.34437690699853446,137.97
137.2,414.7,34.13,51.13,57.35,30.33,1.52,23.46,50.71,4.73,35.17,390.0,Very Poor,2019,5,9,3,19,0.33004570603800815,85.26
95.07,320.44,16.0,38.05,34.62,25.68,1.03,17.6,52.66,3.02,21.93,333.0,Very Poor,2019,5,10,4,19,0.29576281732205073,54.05
101.83,289.05,14.21,42.02,35.69,30.12,1.15,21.6,62.02,3.21,24.68,266.0,Poor,2019,5,11,5,19,0.3510774004481986,56.230000000000004
178.22,503.28,12.49,40.68,33.4,29.53,1.22,19.36,57.85,2.71,18.73,352.0,Very Poor,2019,5,12,6,19,0.35341476957245976,53.17
170.81,351.28,19.85,50.88,44.98,36.48,1.51,33.5,67.84,4.4,24.54,376.0,Very Poor,2019,5,13,0,20,0.48486998978085616,70.73
58.22,124.28,11.9,37.53,30.36,33.9,1.02,13.4,54.85,2.15,21.65,217.0,Poor,2019,5,14,1,20,0.4647190293742018,49.43
84.81,191.04,31.89,57.75,59.46,43.8,1.52,20.93,41.85,5.07,36.61,194.0,Moderate,2019,5,15,2,20,0.4416267444282441,89.64
75.45,218.38,26.79,50.99,51.51,44.72,1.38,15.36,46.97,4.14,31.48,192.0,Moderate,2019,5,16,3,20,0.34392378521287265,77.78
92.53,316.4,33.84,45.67,54.56,41.4,1.31,13.26,46.42,3.87,33.11,257.0,Poor,2019,5,17,4,20,0.29152488972904855,79.51
44.28,106.51,11.87,33.79,29.15,39.74,1.04,10.93,45.46,2.4,20.4,176.0,Moderate,2019,5,18,5,20,0.41186866338015066,45.66
81.99,162.83,17.04,45.8,40.46,35.4,1.21,17.36,59.34,3.35,20.41,168.0,Moderate,2019,5,19,6,20,0.5004577916132575,62.839999999999996
93.97,218.72,34.09,56.55,61.22,35.13,1.35,19.81,53.31,4.38,27.74,216.0,Poor,2019,5,20,0,21,0.4276806845075551,90.64
77.78,194.58,20.21,47.58,44.25,32.12,1.21,20.15,55.06,3.66,22.84,206.0,Poor,2019,5,21,1,21,0.39768892524798033,67.78999999999999
64.24,201.27,32.04,51.8,57.11,32.83,1.5,16.92,38.34,4.15,27.61,167.0,Moderate,2019,5,22,2,21,0.3175952934196865,83.84
92.4,230.0,36.6,52.71,60.95,36.98,1.49,21.68,55.29,5.49,34.62,228.0,Poor,2019,5,23,3,21,0.4,89.31
43.86,117.66,20.82,40.33,40.59,45.86,1.21,11.99,31.11,3.49,31.5,151.0,Moderate,2019,5,24,4,21,0.36962750716332377,61.15
43.66,118.65,11.83,34.52,29.66,33.81,0.99,13.09,51.47,2.65,18.48,125.0,Moderate,2019,5,25,5,21,0.3648976180526535,46.35
55.13,136.58,13.32,41.51,34.89,27.2,1.06,17.94,59.94,2.53,23.51,135.0,Moderate,2019,5,26,6,21,0.40071231283616804,54.83
64.66,172.68,26.16,53.92,53.14,28.45,1.28,18.9,53.59,3.43,30.03,163.0,Moderate,2019,5,27,0,22,0.37229387379087975,80.08
65.82,183.77,37.41,61.45,66.06,29.84,1.3,20.59,54.43,4.44,30.24,175.0,Moderate,2019,5,28,1,22,0.3562266601721058,98.86
74.8,202.75,34.62,65.84,68.16,29.53,1.45,23.61,57.99,4.85,34.39,191.0,Moderate,2019,5,29,2,22,0.3671165644171779,100.46000000000001
85.21,246.05,69.58,71.8,97.8,33.5,1.75,21.99,49.58,7.68,51.27,226.0,Poor,2019,5,30,3,22,0.344909937259664,141.38
88.57,337.77,44.18,56.83,69.0,34.26,1.47,19.82,58.49,4.7,32.57,266.0,Poor,2019,5,31,4,22,0.2614458186970511,101.00999999999999
95.4,298.35,45.28,57.24,69.74,40.73,1.56,21.54,64.56,5.58,34.6,300.0,Poor,2019,6,1,5,22,0.3186904960748288,102.52000000000001
73.36,219.79,10.15,32.22,26.31,48.12,1.07,14.15,60.84,2.43,13.66,222.0,Poor,2019,6,2,6,22,0.33226142488337335,42.37
66.94,300.7,11.7,30.33,26.82,43.32,1.03,12.64,60.03,1.79,8.62,232.0,Poor,2019,6,3,0,23,0.22187603579714948,42.03
54.95,171.58,14.93,36.0,32.65,34.34,1.14,13.67,65.82,2.18,16.91,212.0,Poor,2019,6,4,1,23,0.31840305945068953,50.93
73.35,208.72,14.43,42.68,36.36,35.7,1.29,15.82,59.78,3.15,20.62,190.0,Moderate,2019,6,5,2,23,0.3497520503528514,57.11
70.61,236.45,20.85,44.85,42.88,35.27,1.13,16.15,61.04,2.8,23.94,209.0,Poor,2019,6,6,3,23,0.29736786691935146,65.7
54.81,152.39,14.19,35.32,32.74,32.37,1.11,14.44,74.12,2.27,18.06,192.0,Moderate,2019,6,7,4,23,0.3573244670447878,49.51
69.75,187.62,23.42,51.0,50.16,38.84,1.47,13.47,63.64,2.96,25.47,184.0,Moderate,2019,6,8,5,23,0.3697911144099247,74.42
101.05,265.12,57.24,62.84,85.14,35.74,1.86,21.74,69.14,5.72,39.35,237.0,Poor,2019,6,9,6,23,0.3797159176311438,120.08000000000001
74.48,233.49,47.15,61.53,76.01,36.64,1.63,15.19,55.95,4.37,34.84,230.0,Poor,2019,6,10,0,24,0.31762548509531324,108.68
118.38,487.77,44.64,49.86,65.68,32.16,1.41,13.52,39.96,3.41,31.38,315.0,Very Poor,2019,6,11,1,24,0.24219980768050411,94.5
59.86,240.88,16.55,30.46,30.61,34.98,0.92,11.57,62.12,1.98,14.48,280.0,Poor,2019,6,12,2,24,0.24747808830825202,47.010000000000005
52.66,189.69,13.33,34.53,31.46,30.0,1.03,11.79,52.93,1.96,17.35,189.0,Moderate,2019,6,13,3,24,0.2761550159945461,47.86
53.79,188.21,18.67,37.07,37.54,23.77,1.07,12.89,59.31,2.32,21.47,167.0,Moderate,2019,6,14,4,24,0.2842872998255906,55.74
81.86,274.68,26.39,47.15,49.69,23.84,1.18,17.56,57.41,3.71,27.52,217.0,Poor,2019,6,15,5,24,0.2969384793964016,73.53999999999999
42.06,160.96,11.58,20.56,21.83,24.86,0.8,9.54,46.81,1.08,12.14,205.0,Poor,2019,6,16,6,24,0.25969375154359103,32.14
40.18,137.08,13.34,27.51,26.75,26.8,0.89,11.07,40.56,1.75,15.55,126.0,Moderate,2019,6,17,0,25,0.2909907300115875,40.85
30.39,84.53,15.97,32.32,31.79,25.6,1.03,8.0,48.99,1.92,22.32,119.0,Moderate,2019,6,18,1,25,0.355313924938618,48.29
79.96,223.08,17.37,37.14,36.51,35.53,1.12,12.69,61.02,2.98,24.24,173.0,Moderate,2019,6,19,2,25,0.3568368439842913,54.510000000000005
42.76,130.88,10.57,31.19,26.95,29.5,0.92,9.7,68.57,1.76,12.68,175.0,Moderate,2019,6,20,3,25,0.32423415225963,41.760000000000005
71.15,188.16,13.56,44.78,37.67,32.14,1.22,12.23,59.68,3.07,24.07,178.0,Moderate,2019,6,21,4,25,0.3761366039331783,58.34
68.27,177.16,12.77,44.12,37.1,32.1,1.11,14.97,69.18,3.0,23.59,185.0,Moderate,2019,6,22,5,25,0.38319488100583743,56.89
42.06,126.12,6.64,23.02,19.84,31.36,0.95,10.11,57.33,1.55,9.57,153.0,Moderate,2019,6,23,6,25,0.33086847073631215,29.66
26.29,85.68,9.51,25.93,22.57,28.84,0.92,10.74,37.78,1.48,11.28,118.0,Moderate,2019,6,24,0,26,0.3032994923857868,35.44
53.65,119.98,11.18,32.24,29.27,28.87,1.07,11.91,54.02,2.67,20.21,131.0,Moderate,2019,6,25,1,26,0.4434617292114399,43.42
67.36,155.9,15.67,37.39,34.44,30.64,1.16,12.87,46.26,2.75,21.37,161.0,Moderate,2019,6,26,2,26,0.4293180369662205,53.06
65.3,230.98,17.87,39.94,38.24,29.35,1.16,13.46,46.84,2.8,22.59,169.0,Moderate,2019,6,27,3,26,0.28148978360203464,57.81
61.21,239.15,19.71,38.37,37.84,27.53,1.02,14.43,38.39,2.99,20.4,207.0,Poor,2019,6,28,4,26,0.2548823651884239,58.08
58.08,271.27,16.84,34.56,35.19,23.72,0.93,11.99,37.99,2.43,20.25,223.0,Poor,2019,6,29,5,26,0.21331766261431667,51.400000000000006
65.24,270.03,22.46,33.03,39.12,25.87,1.04,12.82,44.4,2.7,22.73,234.0,Poor,2019,6,30,6,26,0.24071136036601115,55.49
57.27,189.32,10.44,31.09,27.68,26.07,0.94,12.22,58.0,1.96,17.02,195.0,Moderate,2019,7,1,0,27,0.3009142496847415,41.53
71.68,233.25,7.78,28.13,23.43,27.24,0.99,12.02,64.82,2.08,18.29,202.0,Poor,2019,7,2,1,27,0.3059978655282818,35.91
39.99,113.92,7.3,26.57,21.33,33.05,0.99,9.75,42.31,1.69,9.86,162.0,Moderate,2019,7,3,2,27,0.34798120431604596,33.87
36.82,87.8,12.82,29.23,27.0,28.65,1.11,9.75,28.2,2.25,22.07,111.0,Moderate,2019,7,4,3,27,0.4146396396396397,42.05
48.6,99.98,18.04,34.77,34.24,37.63,1.2,11.05,22.68,2.88,24.95,113.0,Moderate,2019,7,5,4,27,0.48128342245989303,52.81
34.25,87.5,12.04,29.91,26.12,36.77,1.0,10.18,33.71,1.93,15.95,99.0,Satisfactory,2019,7,6,5,27,0.3870056497175141,41.95
38.81,91.79,11.02,28.87,25.63,32.3,1.08,10.67,38.66,1.97,13.47,101.0,Moderate,2019,7,7,6,27,0.41825627761612244,39.89
49.12,148.79,12.56,32.85,28.57,33.43,1.15,10.64,35.11,2.22,16.39,129.0,Moderate,2019,7,8,0,28,0.327925762734495,45.410000000000004
42.56,128.6,11.93,30.38,26.68,32.19,1.11,9.52,25.75,1.94,18.86,131.0,Moderate,2019,7,9,1,28,0.3283950617283951,42.31
69.21,278.71,13.97,31.36,29.11,33.73,1.04,10.41,28.65,2.24,16.29,150.0,Moderate,2019,7,10,2,28,0.24743484323048873,45.33
76.99,352.26,15.0,29.87,29.36,32.06,0.97,9.64,29.84,2.04,20.77,300.0,Poor,2019,7,11,3,28,0.21794145954820812,44.870000000000005
76.35,363.7,14.0,26.97,27.19,33.13,1.05,8.96,28.38,1.98,18.57,294.0,Poor,2019,7,12,4,28,0.209350150808884,40.97
63.18,294.27,11.09,23.13,22.98,28.61,0.97,9.11,30.81,1.92,18.59,312.0,Very Poor,2019,7,13,5,28,0.21397365123446338,34.22
63.16,280.99,11.36,25.1,24.71,26.67,0.95,9.85,32.77,1.59,14.1,243.0,Poor,2019,7,14,6,28,0.22397957374374977,36.46
42.04,137.67,11.57,27.17,26.07,25.07,1.09,10.39,27.23,1.97,18.94,180.0,Moderate,2019,7,15,0,29,0.30316578928391147,38.74
31.51,79.22,8.59,27.54,23.74,26.39,1.05,9.64,30.05,1.99,20.07,117.0,Moderate,2019,7,16,1,29,0.3927948142607829,36.129999999999995
32.06,67.73,11.08,28.44,26.68,25.91,1.03,8.91,31.48,2.24,22.46,92.0,Satisfactory,2019,7,17,2,29,0.4664629710461225,39.52
32.92,78.08,19.36,37.14,37.88,26.54,1.24,8.86,30.75,2.37,22.82,98.0,Satisfactory,2019,7,18,3,29,0.4162873039959535,56.5
63.02,158.3,29.13,40.79,49.35,30.83,1.41,9.95,49.9,3.38,32.0,142.0,Moderate,2019,7,19,4,29,0.3956057752667922,69.92
46.43,117.84,14.59,37.1,34.22,34.1,1.15,8.6,29.1,2.39,26.17,137.0,Moderate,2019,7,20,5,29,0.3906933692359475,51.69
50.57,105.55,23.14,33.89,40.01,37.02,1.39,8.83,32.04,2.6,27.75,123.0,Moderate,2019,7,21,6,29,0.47461285781323326,57.03
60.38,119.66,31.57,33.03,45.91,43.72,1.55,8.95,34.79,2.91,29.07,124.0,Moderate,2019,7,22,0,30,0.5004143875352229,64.6
73.08,153.96,26.12,39.89,46.01,45.51,1.61,9.05,40.16,2.82,32.72,156.0,Moderate,2019,7,23,1,30,0.4716055756324212,66.01
63.26,156.93,22.05,40.29,42.88,44.36,1.41,8.83,33.1,2.36,27.06,165.0,Moderate,2019,7,24,2,30,0.40055720889001456,62.34
22.79,63.51,16.78,33.52,33.55,37.17,0.94,8.76,22.78,1.69,17.02,98.0,Satisfactory,2019,7,25,3,30,0.3532785614633391,50.300000000000004
30.63,61.26,13.26,31.61,29.95,36.06,0.99,8.92,27.72,2.1,22.74,94.0,Satisfactory,2019,7,26,4,30,0.491969161580469,44.87
26.16,45.04,11.98,25.34,25.46,30.26,1.0,8.67,29.54,2.0,20.94,85.0,Satisfactory,2019,7,27,5,30,0.5682015638575152,37.32
21.13,46.35,9.12,21.89,21.22,28.65,0.89,8.43,30.62,1.3,13.8,83.0,Satisfactory,2019,7,28,6,30,0.4462513199577613,31.009999999999998
24.45,64.17,10.8,25.11,24.31,31.27,0.92,8.97,29.78,1.52,15.9,82.0,Satisfactory,2019,7,29,0,31,0.3751726254411539,35.91
30.1,82.81,10.37,26.92,25.19,33.49,0.97,9.36,27.42,2.01,20.2,90.0,Satisfactory,2019,7,30,1,31,0.35914568667223484,37.29
30.22,76.67,10.23,26.45,24.98,33.79,0.93,8.78,31.25,1.65,18.71,90.0,Satisfactory,2019,7,31,2,31,0.3890820136474829,36.68
34.26,85.89,10.07,28.4,26.51,33.55,0.94,8.79,32.51,1.88,17.74,98.0,Satisfactory,2019,8,1,3,31,0.39429163309932097,38.47
35.06,83.66,11.86,30.96,29.14,32.66,1.03,8.45,29.29,2.14,24.9,95.0,Satisfactory,2019,8,2,4,31,0.41412709662178127,42.82
38.54,80.35,16.87,31.0,33.32,35.33,1.07,9.43,27.74,2.58,28.18,104.0,Moderate,2019,8,3,5,31,0.47375537799631223,47.870000000000005
46.69,88.15,17.79,30.9,34.32,34.25,1.13,9.96,27.25,2.13,21.93,101.0,Moderate,2019,8,4,6,31,0.5237240605720694,48.69
52.2,104.96,20.62,34.64,38.54,37.17,1.24,9.37,28.66,2.18,23.36,108.0,Moderate,2019,8,5,0,32,0.492638731596829,55.260000000000005
30.04,57.31,19.57,34.68,37.25,42.32,1.14,8.26,22.91,2.53,24.25,99.0,Satisfactory,2019,8,6,1,32,0.515177499571257,54.25
32.63,72.98,22.98,31.82,38.88,33.65,1.22,9.81,29.87,3.07,29.46,104.0,Moderate,2019,8,7,2,32,0.4410651527439849,54.8
27.69,80.22,15.06,28.9,30.82,30.9,1.01,10.61,30.92,2.27,21.05,99.0,Satisfactory,2019,8,8,3,32,0.3409258803250431,43.96
14.59,61.47,9.54,22.08,21.86,28.01,0.86,9.3,26.17,1.6,15.54,89.0,Satisfactory,2019,8,9,4,32,0.233552105010405,31.619999999999997
16.73,47.75,9.02,22.06,21.47,24.4,0.87,8.47,25.43,1.12,10.3,75.0,Satisfactory,2019,8,10,5,32,0.3431794871794872,31.08
25.53,67.15,11.45,25.93,25.93,25.93,0.96,8.65,26.21,1.11,13.1,83.0,Satisfactory,2019,8,11,6,32,0.37461482024944975,37.379999999999995
20.53,51.91,13.19,26.18,27.51,24.89,1.02,8.14,21.46,1.56,15.92,80.0,Satisfactory,2019,8,12,0,33,0.38801738801738805,39.37
21.68,56.18,17.85,27.12,32.07,29.25,1.1,8.37,20.73,1.76,18.61,85.0,Satisfactory,2019,8,13,1,33,0.37915355019237496,44.97
33.21,58.36,16.96,31.9,33.85,29.08,1.19,8.5,31.43,1.94,21.44,93.0,Satisfactory,2019,8,14,2,33,0.559467654986523,48.86
28.78,56.28,18.56,25.03,32.56,31.29,1.04,8.51,23.58,1.5,16.34,93.0,Satisfactory,2019,8,15,3,33,0.5024441340782123,43.59
15.52,37.1,13.71,21.51,26.32,27.58,0.87,8.61,23.59,1.08,10.43,73.0,Satisfactory,2019,8,16,4,33,0.4073490813648294,35.22
10.24,19.51,14.08,19.1,24.77,25.82,0.81,7.67,16.51,1.12,10.25,67.0,Satisfactory,2019,8,17,5,33,0.4992686494392979,33.18
15.51,30.45,17.56,20.93,25.39,23.25,0.98,8.57,18.03,1.44,16.91,66.0,Satisfactory,2019,8,18,6,33,0.4931637519872814,38.489999999999995
38.55,86.13,26.99,28.59,38.82,25.62,1.31,8.6,28.06,2.77,28.61,99.0,Satisfactory,2019,8,19,0,34,0.44244232755652474,55.58
41.74,95.71,19.92,26.86,31.87,33.03,1.23,8.12,28.41,2.44,24.96,103.0,Moderate,2019,8,20,1,34,0.43159962775307625,46.78
46.69,129.46,15.16,32.68,32.26,34.19,1.14,7.81,31.18,2.37,23.43,107.0,Moderate,2019,8,21,2,34,0.3578874750881496,47.84
44.16,130.49,23.36,42.21,44.39,34.28,1.21,8.41,25.95,3.1,29.02,125.0,Moderate,2019,8,22,3,34,0.33584302988820436,65.57
50.49,142.76,37.04,40.32,54.52,36.4,1.3,8.36,28.57,3.26,32.01,130.0,Moderate,2019,8,23,4,34,0.3512103505843072,77.36
60.71,149.82,41.65,41.76,59.19,41.36,1.47,8.78,28.17,3.71,36.48,149.0,Moderate,2019,8,24,5,34,0.40253282058082485,83.41
33.49,67.82,11.09,31.71,27.89,34.91,0.93,8.23,24.22,1.99,18.44,107.0,Moderate,2019,8,25,6,34,0.48663179308340604,42.8
25.06,68.59,15.89,31.6,31.88,29.89,0.99,8.55,24.07,2.24,23.2,77.0,Satisfactory,2019,8,26,0,35,0.3601092110935479,47.49
40.68,107.99,21.99,34.48,39.32,31.99,1.17,10.01,36.98,2.84,29.66,114.0,Moderate,2019,8,27,1,35,0.37324525185796864,56.47
42.04,103.01,19.01,34.62,37.1,34.95,1.07,9.64,34.34,2.54,23.75,119.0,Moderate,2019,8,28,2,35,0.4041919046245553,53.629999999999995
33.92,90.29,11.52,30.6,27.72,32.6,0.93,8.24,30.97,1.88,15.84,103.0,Moderate,2019,8,29,3,35,0.37156315039982474,42.120000000000005
43.5,105.68,12.89,32.44,30.15,33.69,1.02,9.33,39.25,1.93,18.03,110.0,Moderate,2019,8,30,4,35,0.4077615298087739,45.33
57.16,123.23,18.34,40.79,40.39,38.62,1.41,9.14,33.71,2.72,26.9,123.0,Moderate,2019,8,31,5,35,0.46011430411333815,59.129999999999995
35.13,81.44,12.03,32.08,29.57,41.15,1.11,8.41,31.24,2.01,20.82,123.0,Moderate,2019,9,1,6,35,0.4261280931586609,44.11
46.15,101.79,10.33,31.91,27.85,36.31,1.07,8.81,39.18,1.96,21.64,105.0,Moderate,2019,9,2,0,36,0.4489736355676622,42.24
70.64,143.56,13.02,36.51,32.78,36.34,1.21,8.95,32.5,2.4,25.4,131.0,Moderate,2019,9,3,1,36,0.4886552296624239,49.53
73.33,150.39,10.62,36.99,30.78,37.13,1.22,9.03,36.13,2.38,26.31,165.0,Moderate,2019,9,4,2,36,0.4843780963075501,47.61
33.9,90.44,9.99,29.09,25.41,33.31,0.97,9.25,28.87,1.75,20.2,118.0,Moderate,2019,9,5,3,36,0.3707349081364829,39.08
35.81,89.47,12.15,30.05,27.49,34.35,0.99,10.9,27.22,2.13,21.71,96.0,Satisfactory,2019,9,6,4,36,0.3958218193876423,42.2
34.98,83.26,14.46,30.9,30.5,30.75,1.0,8.17,24.58,1.84,19.25,95.0,Satisfactory,2019,9,7,5,36,0.41514360313315923,45.36
32.83,77.01,10.61,26.84,24.75,32.14,0.9,8.72,32.4,1.55,18.52,99.0,Satisfactory,2019,9,8,6,36,0.4208434816049224,37.45
56.31,126.43,13.78,30.47,29.46,30.37,1.0,8.45,30.84,1.88,23.34,107.0,Moderate,2019,9,9,0,37,0.44188966491407045,44.25
64.48,144.47,16.24,34.12,34.48,29.2,1.07,9.49,40.53,2.34,27.18,139.0,Moderate,2019,9,10,1,37,0.4432529043789098,50.36
79.6,174.33,15.86,39.69,37.15,31.57,1.15,9.54,48.95,2.5,27.98,166.0,Moderate,2019,9,11,2,37,0.4540010266354873,55.55
57.83,132.61,9.71,34.01,28.38,30.72,0.99,8.91,32.08,1.85,17.13,158.0,Moderate,2019,9,12,3,37,0.4328268842152533,43.72
33.59,83.22,9.52,29.75,25.5,28.56,0.88,8.16,27.33,1.5,16.47,103.0,Moderate,2019,9,13,4,37,0.398836380907148,39.269999999999996
26.65,69.36,7.91,26.05,21.91,25.04,0.77,8.48,28.64,1.48,15.16,85.0,Satisfactory,2019,9,14,5,37,0.3787663445139284,33.96
35.52,72.61,10.34,27.77,24.91,24.48,0.91,8.55,28.58,1.42,14.92,83.0,Satisfactory,2019,9,15,6,37,0.48254313272653176,38.11
56.6,129.47,19.02,36.18,37.24,26.11,1.13,8.35,35.4,2.25,26.03,111.0,Moderate,2019,9,16,0,38,0.43381620295853457,55.2
59.14,135.84,14.08,38.18,34.26,27.51,1.12,8.64,41.22,2.62,24.58,143.0,Moderate,2019,9,17,1,38,0.43218357205495467,52.26
35.41,97.32,7.76,31.3,25.04,25.54,0.86,9.46,37.19,1.86,15.45,117.0,Moderate,2019,9,18,2,38,0.36015052888527255,39.06
21.74,62.19,7.22,24.15,20.35,22.6,0.78,9.29,27.34,1.57,15.18,80.0,Satisfactory,2019,9,19,3,38,0.3440417787624624,31.369999999999997
40.33,106.47,13.55,31.73,30.32,24.91,0.95,10.81,29.76,2.22,22.21,96.0,Satisfactory,2019,9,20,4,38,0.3752675165162371,45.28
39.23,96.29,17.26,31.43,32.82,24.45,0.99,9.63,28.51,2.08,22.37,112.0,Moderate,2019,9,21,5,38,0.4032274642820433,48.69
26.51,65.65,17.88,30.66,33.12,26.2,0.91,9.32,21.15,1.89,17.61,86.0,Satisfactory,2019,9,22,6,38,0.3977494373593398,48.54
34.46,83.33,11.33,30.02,27.61,25.37,0.93,9.9,30.49,2.01,18.72,89.0,Satisfactory,2019,9,23,0,39,0.40863275228269896,41.35
35.88,96.22,16.67,34.98,34.14,25.61,0.98,9.19,28.92,2.55,21.11,103.0,Moderate,2019,9,24,1,39,0.36905986422546805,51.65
30.52,86.31,11.53,29.99,27.25,24.88,0.9,8.94,28.53,1.89,18.14,100.0,Satisfactory,2019,9,25,2,39,0.34955904249226893,41.519999999999996
22.9,69.49,12.62,27.25,26.71,24.04,0.83,10.43,24.16,1.93,20.57,87.0,Satisfactory,2019,9,26,3,39,0.3248687757128671,39.87
15.66,56.71,9.94,24.52,22.68,22.32,0.78,10.3,23.54,2.09,18.35,78.0,Satisfactory,2019,9,27,4,39,0.271356783919598,34.46
22.52,66.98,11.93,26.18,25.22,21.94,0.77,10.01,22.22,2.84,19.97,78.0,Satisfactory,2019,9,28,5,39,0.331273904089438,38.11
16.91,51.03,8.13,22.84,19.7,21.99,0.74,8.85,22.84,1.83,12.63,68.0,Satisfactory,2019,9,29,6,39,0.3250048049202383,30.97
29.42,81.97,12.1,27.89,26.39,22.01,0.92,8.22,26.67,2.46,15.92,75.0,Satisfactory,2019,9,30,0,40,0.3545859949379294,39.99
33.92,92.41,12.82,28.0,26.89,23.99,0.96,8.5,26.15,2.56,18.36,98.0,Satisfactory,2019,10,1,1,40,0.3631302858366342,40.82
40.16,96.13,17.97,29.72,32.24,24.63,1.05,8.95,34.94,2.83,15.7,105.0,Moderate,2019,10,2,2,40,0.41346648821167503,47.69
57.99,143.97,30.13,36.77,46.78,27.17,1.25,10.42,44.29,4.03,25.96,140.0,Moderate,2019,10,3,3,40,0.4000137959577844,66.9
43.07,94.9,17.87,34.07,35.15,26.21,0.99,8.34,32.54,2.99,25.91,113.0,Moderate,2019,10,4,4,40,0.44911366006256515,51.94
39.48,108.22,20.52,33.82,36.22,23.56,1.03,8.08,32.66,2.5,20.58,108.0,Moderate,2019,10,5,5,40,0.36147225782823655,54.34
58.75,140.15,18.29,36.98,37.52,26.89,0.99,8.62,40.18,2.82,22.98,127.0,Moderate,2019,10,6,6,40,0.4162238753099539,55.269999999999996
55.88,137.81,13.36,33.46,31.6,26.98,0.91,8.25,36.23,2.35,18.65,133.0,Moderate,2019,10,7,0,41,0.40256465672501984,46.82
44.85,116.56,17.58,33.4,34.71,23.12,0.85,8.91,38.81,2.29,15.02,123.0,Moderate,2019,10,8,1,41,0.38150731541340593,50.98
77.02,182.89,40.81,45.5,58.38,25.59,1.37,11.9,51.37,4.1,30.69,165.0,Moderate,2019,10,9,2,41,0.41883734841481324,86.31
100.82,215.18,34.75,50.32,54.51,29.71,1.34,13.83,53.51,4.49,36.66,208.0,Poor,2019,10,10,3,41,0.4663706170783606,85.07
98.07,203.36,35.13,48.05,53.08,31.79,1.37,11.02,47.07,4.4,32.36,243.0,Poor,2019,10,11,4,41,0.47988843217850846,83.18
103.45,209.42,35.55,48.54,53.06,33.54,1.44,11.26,44.45,4.65,35.04,235.0,Poor,2019,10,12,5,41,0.49163577606691383,84.09
132.57,255.42,43.72,51.27,63.23,34.93,1.65,12.75,44.55,5.05,38.96,282.0,Poor,2019,10,13,6,41,0.5170033538725529,94.99000000000001
116.33,239.47,52.78,50.83,68.23,34.7,1.73,11.46,43.59,4.68,37.89,285.0,Poor,2019,10,14,0,42,0.4837609681041294,103.61
133.35,285.26,67.74,58.61,86.5,36.03,2.18,13.31,53.79,6.4,49.36,291.0,Poor,2019,10,15,1,42,0.46583525466359255,126.35
146.37,279.78,39.0,53.03,62.13,38.12,1.77,13.22,55.69,5.51,36.51,320.0,Very Poor,2019,10,16,2,42,0.5212978132345609,92.03
121.68,245.2,18.94,46.51,42.73,35.08,1.44,14.95,49.68,4.58,30.79,300.0,Poor,2019,10,17,3,42,0.49423233143785544,65.45
90.41,203.39,13.39,39.62,34.81,33.94,1.14,11.36,42.7,3.47,22.11,265.0,Poor,2019,10,18,4,42,0.44234062331816626,53.01
76.77,174.84,31.61,51.37,53.94,33.65,1.18,11.33,43.23,4.23,33.23,170.0,Moderate,2019,10,19,5,42,0.43659008189262966,82.97999999999999
98.05,203.14,35.0,48.83,53.46,33.32,1.26,10.64,33.47,4.13,30.72,242.0,Poor,2019,10,20,6,42,0.4803076320172431,83.83
115.16,235.0,34.79,51.05,55.42,31.9,1.3,11.11,36.8,4.36,28.7,254.0,Poor,2019,10,21,0,43,0.4879661016949152,85.84
93.51,213.26,34.86,50.05,57.98,29.84,1.37,11.7,39.48,3.82,28.98,243.0,Poor,2019,10,22,1,43,0.4364323718846262,84.91
122.12,268.58,56.07,57.92,80.24,34.38,1.79,14.08,44.15,4.7,34.29,248.0,Poor,2019,10,23,2,43,0.4530009644632392,113.99000000000001
173.56,346.51,84.08,67.36,108.93,41.69,2.46,18.87,57.94,7.01,50.88,335.0,Very Poor,2019,10,24,3,43,0.4994388650686311,151.44
129.9,270.87,42.42,52.55,64.73,37.02,1.72,15.17,52.25,5.07,35.92,331.0,Very Poor,2019,10,25,4,43,0.47780189060948247,94.97
148.73,290.6,61.19,56.43,83.98,40.14,1.92,12.76,50.59,5.34,38.81,315.0,Very Poor,2019,10,26,5,43,0.5100480109739368,117.62
198.81,321.68,46.63,48.37,68.91,40.04,1.77,13.21,47.27,4.92,30.4,354.0,Very Poor,2019,10,27,6,43,0.6161212346597248,95.0
301.39,420.35,35.11,48.45,59.73,40.16,1.77,18.03,42.79,4.62,20.55,417.0,Severe,2019,10,28,0,44,0.7152960721490447,83.56
287.56,440.77,58.36,60.03,86.74,49.0,2.43,12.71,33.2,5.79,37.17,419.0,Severe,2019,10,29,1,44,0.6509269529393124,118.39
279.32,454.35,87.7,63.87,113.63,52.82,2.67,13.81,34.86,6.53,49.5,452.0,Severe,2019,10,30,2,44,0.6134182496980344,151.57
314.32,500.04,99.58,71.37,123.63,55.54,2.92,15.86,38.29,7.27,60.46,460.0,Severe,2019,10,31,3,44,0.6273351429027623,170.95
388.45,584.15,62.6,73.61,96.68,58.29,2.59,16.32,49.77,7.11,55.43,591.0,Severe,2019,11,1,4,44,0.6638468768691789,136.21
320.26,467.74,34.23,54.1,61.32,49.38,1.93,12.88,35.0,5.6,35.45,473.0,Severe,2019,11,2,5,44,0.683235909032726,88.33
582.28,706.58,28.98,49.67,53.58,56.52,2.39,10.2,33.91,6.21,33.78,659.0,Severe,2019,11,3,6,44,0.8229175499590151,78.65
272.3,386.16,29.75,44.53,51.48,39.67,1.47,11.68,36.82,4.37,29.56,532.0,Severe,2019,11,4,0,45,0.7033267899576402,74.28
190.41,296.98,32.28,44.32,53.16,33.01,1.43,13.17,39.23,3.75,28.54,385.0,Very Poor,2019,11,5,1,45,0.6390026176253439,76.6
101.09,207.19,57.56,54.77,81.72,31.99,1.52,11.58,29.77,3.94,30.45,265.0,Poor,2019,11,6,2,45,0.4855660694557856,112.33000000000001
182.47,292.56,29.02,51.64,54.77,37.3,1.58,11.95,23.72,5.25,37.6,296.0,Poor,2019,11,7,3,45,0.62157650906118,80.66
154.14,253.44,51.48,52.79,73.74,38.97,1.68,14.04,32.33,5.58,47.09,346.0,Very Poor,2019,11,8,4,45,0.6058009746895142,104.27
140.8,230.5,35.56,44.01,56.07,35.4,1.34,11.58,30.42,4.13,33.86,321.0,Very Poor,2019,11,9,5,45,0.608207343412527,79.57
192.35,296.44,30.88,50.35,56.41,32.4,1.44,13.95,38.5,3.79,29.59,339.0,Very Poor,2019,11,10,6,45,0.6466850457235073,81.23
252.48,380.54,45.96,61.36,75.05,37.01,1.79,15.18,42.35,4.56,39.67,376.0,Very Poor,2019,11,11,0,46,0.6617392671803742,107.32
384.34,529.59,51.47,66.1,83.09,40.72,2.25,14.41,48.8,5.85,44.03,475.0,Severe,2019,11,12,1,46,0.7243634444674795,117.57
383.36,541.19,62.74,73.6,94.33,43.4,2.5,15.12,39.52,7.08,52.12,532.0,Severe,2019,11,13,2,46,0.707058411258046,136.34
371.42,545.66,77.46,82.63,114.67,50.55,2.92,16.26,26.54,8.2,65.31,537.0,Severe,2019,11,14,3,46,0.6794351150623789,160.08999999999997
423.52,576.12,44.06,59.35,73.02,50.12,2.35,14.14,37.71,7.47,48.7,595.0,Severe,2019,11,15,4,46,0.7338508455780427,103.41
174.03,293.0,23.38,42.35,45.36,35.82,1.34,12.89,31.94,4.3,30.34,438.0,Severe,2019,11,16,5,46,0.5919387755102041,65.73
96.34,165.5,14.48,33.78,32.29,29.55,0.92,10.78,27.01,2.4,16.76,273.0,Poor,2019,11,17,6,46,0.5786186186186186,48.260000000000005
108.4,181.67,29.18,40.05,49.47,29.79,1.26,10.55,30.33,3.03,20.7,245.0,Poor,2019,11,18,0,47,0.5934198281053266,69.22999999999999
126.92,218.13,52.44,52.79,77.11,33.12,1.6,12.05,31.56,4.31,31.85,251.0,Poor,2019,11,19,1,47,0.5791995619038927,105.22999999999999
175.19,295.47,79.63,77.62,106.76,40.19,2.21,14.74,38.99,5.65,45.92,315.0,Very Poor,2019,11,20,2,47,0.5909198232536175,157.25
217.7,363.77,104.83,91.65,135.9,44.56,3.0,19.85,48.43,8.84,71.87,375.0,Very Poor,2019,11,21,3,47,0.5968144310113223,196.48000000000002
201.17,332.6,83.99,75.08,113.99,42.17,2.4,16.02,41.54,7.04,56.68,377.0,Very Poor,2019,11,22,4,47,0.6030275779376498,159.07
130.41,224.14,33.69,52.7,60.68,34.6,1.3,11.64,25.58,4.46,33.82,334.0,Very Poor,2019,11,23,5,47,0.5792395842586835,86.39
107.86,178.21,19.82,43.51,42.87,34.33,1.01,11.35,29.6,2.98,20.71,264.0,Poor,2019,11,24,6,47,0.6018637352826293,63.33
122.37,213.67,44.39,53.29,69.13,35.67,1.45,13.59,31.86,4.16,31.46,269.0,Poor,2019,11,25,0,48,0.5700377323333489,97.68
114.27,225.78,49.17,53.83,73.89,37.04,1.41,17.65,39.21,5.2,38.41,284.0,Poor,2019,11,26,1,48,0.503880412734809,103.0
65.7,128.1,19.37,42.94,41.04,34.32,0.89,10.71,30.2,2.89,28.31,166.0,Moderate,2019,11,27,2,48,0.5089078233927189,62.31
31.03,58.6,10.57,32.3,27.14,30.25,0.65,8.99,28.72,1.88,20.27,106.0,Moderate,2019,11,28,3,48,0.5206375838926175,42.87
53.79,100.29,29.65,41.9,49.52,31.59,1.03,10.14,24.66,3.15,27.84,89.0,Satisfactory,2019,11,29,4,48,0.5310494619409616,71.55
96.96,159.36,34.59,45.04,56.55,36.65,1.21,9.87,23.38,4.1,30.82,175.0,Moderate,2019,11,30,5,48,0.6046395609877774,79.63
123.66,192.47,38.19,50.39,63.15,36.51,1.17,11.39,32.28,3.57,23.24,257.0,Poor,2019,12,1,6,48,0.6391688633896728,88.58
141.12,229.08,50.45,57.23,77.73,38.4,1.49,11.18,32.54,4.35,26.64,299.0,Poor,2019,12,2,0,49,0.6133518776077885,107.68
140.07,241.56,53.47,60.85,82.31,38.81,1.49,11.37,32.57,4.31,31.72,302.0,Very Poor,2019,12,3,1,49,0.5774653693931399,114.32
163.24,277.92,77.61,71.65,107.88,43.21,1.95,13.48,33.48,4.93,42.84,313.0,Very Poor,2019,12,4,2,49,0.5852574214828624,149.26
271.99,416.79,115.56,91.53,148.59,55.2,2.95,14.48,42.41,7.93,71.69,389.0,Very Poor,2019,12,5,3,49,0.6510208477943464,207.09
241.69,362.1,73.76,69.73,103.48,57.17,2.03,13.41,32.34,7.86,57.33,423.0,Severe,2019,12,6,4,49,0.6656293032222528,143.49
233.79,348.44,79.28,66.41,107.56,55.32,2.32,15.4,33.69,6.96,47.68,382.0,Very Poor,2019,12,7,5,49,0.6690418956043955,145.69
239.98,355.16,109.28,68.59,137.04,58.01,2.88,13.69,32.51,8.02,58.12,404.0,Severe,2019,12,8,6,49,0.6737982929020664,177.87
200.33,311.58,87.59,68.28,114.07,56.75,2.32,12.34,29.47,6.5,45.83,371.0,Very Poor,2019,12,9,0,50,0.6408919316654937,155.87
236.4,363.3,85.62,72.63,115.07,59.1,2.41,12.49,38.14,6.87,50.04,377.0,Very Poor,2019,12,10,1,50,0.6489157287949492,158.25
299.85,452.65,106.35,85.56,138.71,68.66,3.2,14.71,41.46,8.0,69.03,430.0,Severe,2019,12,11,2,50,0.6609721150666814,191.91
284.18,412.59,46.67,64.36,76.85,70.65,2.01,12.61,44.13,6.29,38.83,471.0,Severe,2019,12,12,3,50,0.6871055876592762,111.03
94.62,124.26,13.29,41.21,32.94,50.03,1.14,7.9,29.14,2.73,16.19,322.0,Very Poor,2019,12,13,4,50,0.7553887913140668,54.5
78.59,128.36,26.2,41.29,43.17,38.62,1.18,9.04,22.94,3.38,25.36,179.0,Moderate,2019,12,14,5,50,0.6075293753865182,67.49
94.67,151.57,26.19,39.9,43.01,38.46,1.15,8.5,22.96,3.22,21.24,205.0,Poor,2019,12,15,6,50,0.6205020646260733,66.09
88.05,133.11,21.68,35.06,36.0,39.25,1.04,7.17,22.1,2.4,12.91,202.0,Poor,2019,12,16,0,51,0.6565505927969576,56.74
93.07,140.23,27.2,32.7,40.32,46.78,1.07,7.26,24.27,2.52,14.12,178.0,Moderate,2019,12,17,1,51,0.6589959640303051,59.900000000000006
144.0,214.88,29.59,44.41,48.79,51.81,1.24,7.98,32.08,3.47,22.85,273.0,Poor,2019,12,18,2,51,0.6670372429127293,74.0
261.16,385.13,51.02,55.64,72.47,57.3,1.92,9.64,28.22,6.1,34.52,354.0,Very Poor,2019,12,19,3,51,0.6763525237614276,106.66
316.09,449.06,40.57,60.58,66.4,58.04,2.16,9.92,29.05,6.86,39.35,452.0,Severe,2019,12,20,4,51,0.7023285784117672,101.15
249.87,353.94,37.13,50.24,57.35,62.14,1.71,8.52,23.62,5.96,30.95,441.0,Severe,2019,12,21,5,51,0.7039781371499408,87.37
146.81,202.05,19.33,38.96,36.7,57.51,1.13,6.67,21.48,3.77,17.14,351.0,Very Poor,2019,12,22,6,51,0.7230238857424279,58.29
171.47,240.19,26.86,39.83,44.43,53.04,1.28,7.0,23.8,3.98,23.78,321.0,Very Poor,2019,12,23,0,52,0.710933289108172,66.69
262.69,401.03,38.02,56.72,64.46,53.3,1.76,8.7,28.17,5.75,38.29,376.0,Very Poor,2019,12,24,1,52,0.6534089495808771,94.74000000000001
166.71,258.28,22.4,39.77,40.79,48.52,1.2,6.96,21.13,3.85,22.52,384.0,Very Poor,2019,12,25,2,52,0.6429728478864549,62.17
196.97,299.85,19.25,45.08,41.2,51.83,1.17,6.99,25.73,3.69,22.5,340.0,Very Poor,2019,12,26,3,52,0.6547116503240817,64.33
240.07,371.45,28.66,54.6,54.95,52.64,1.39,7.88,27.55,4.62,32.86,372.0,Very Poor,2019,12,27,4,52,0.6445697409048194,83.26
275.6,426.12,60.13,55.98,83.47,50.47,1.96,10.26,27.92,6.7,39.22,425.0,Severe,2019,12,28,5,52,0.6452519198351752,116.11
326.79,500.15,32.73,57.76,61.51,49.61,1.86,10.25,35.11,6.28,33.0,455.0,Severe,2019,12,29,6,52,0.6520802155043401,90.49
333.43,486.35,54.97,55.61,79.04,50.75,2.24,11.15,26.44,8.0,47.12,506.0,Severe,2019,12,30,0,1,0.6841694880476044,110.58
245.53,338.18,44.49,47.5,64.57,48.22,1.8,11.03,28.07,4.81,38.4,417.0,Severe,2019,12,31,1,1,0.7238929182145174,91.99000000000001
372.14,483.87,109.53,64.18,135.0,56.85,3.15,18.49,39.58,8.5,60.79,492.0,Severe,2020,1,1,2,1,0.7675046919792934,173.71
327.04,439.31,120.76,64.8,143.71,58.26,3.32,19.95,36.5,9.36,73.11,485.0,Severe,2020,1,2,3,1,0.742749426540392,185.56
228.9,337.04,111.09,55.65,131.13,53.02,2.8,14.93,27.82,6.96,66.8,426.0,Severe,2020,1,3,4,1,0.677138800141995,166.74
220.6,327.22,86.58,57.67,110.2,53.46,2.2,12.85,29.94,6.81,48.18,366.0,Very Poor,2020,1,4,5,1,0.6721101700079214,144.25
170.21,257.94,29.99,48.25,54.3,47.94,1.23,9.59,30.21,3.7,28.9,354.0,Very Poor,2020,1,5,6,1,0.6573337452691743,78.24
159.64,247.47,35.49,51.19,60.14,47.01,1.27,11.34,21.99,3.52,31.1,335.0,Very Poor,2020,1,6,0,2,0.6424920513542882,86.68
120.31,176.22,24.08,44.9,46.56,43.53,1.18,12.74,22.82,3.64,24.51,285.0,Poor,2020,1,7,1,2,0.6788737162848437,68.97999999999999
117.98,145.85,26.65,38.64,45.09,44.73,1.13,8.67,17.63,3.49,22.67,281.0,Poor,2020,1,8,2,2,0.8034048348655091,65.28999999999999
89.26,132.06,14.71,32.3,31.03,36.87,0.89,7.28,22.0,2.43,15.34,231.0,Poor,2020,1,9,3,2,0.6708251916428679,47.01
130.82,203.54,27.73,45.12,50.71,37.73,1.3,9.44,27.25,3.8,24.75,255.0,Poor,2020,1,10,4,2,0.6395814999511098,72.85
151.1,245.62,43.83,53.28,69.66,40.97,1.54,11.65,30.98,4.33,28.3,309.0,Very Poor,2020,1,11,5,2,0.612683480658503,97.11
207.23,325.36,90.44,59.91,113.97,48.65,2.26,12.35,32.47,5.53,39.19,352.0,Very Poor,2020,1,12,6,2,0.6349736487314621,150.35
218.98,329.77,61.38,55.04,84.22,53.64,2.11,11.59,27.98,5.74,34.26,381.0,Very Poor,2020,1,13,0,3,0.662031018532515,116.42
115.62,163.67,21.19,38.08,40.99,46.34,1.16,9.24,21.62,3.31,23.78,314.0,Very Poor,2020,1,14,1,3,0.7021315357988706,59.269999999999996
111.57,179.08,29.61,47.45,54.26,41.76,1.17,10.68,26.19,3.72,30.02,241.0,Poor,2020,1,15,2,3,0.6195579742336739,77.06
139.06,197.9,28.99,44.21,51.19,43.54,1.11,10.44,18.63,4.05,30.42,286.0,Poor,2020,1,16,3,3,0.6991452991452991,73.2
107.65,152.98,31.58,36.19,49.2,40.15,1.14,9.69,18.97,3.71,24.4,287.0,Poor,2020,1,17,4,3,0.6991167684114821,67.77
125.3,198.24,39.64,43.78,60.8,39.56,1.32,9.65,19.93,4.79,29.24,262.0,Poor,2020,1,18,5,3,0.6288897811684401,83.42
125.04,187.93,18.6,34.18,36.38,38.38,0.96,8.69,25.86,2.95,13.77,290.0,Poor,2020,1,19,6,3,0.6618324247075636,52.78
142.18,225.67,30.68,38.21,49.07,39.27,1.39,9.65,24.64,3.9,19.39,282.0,Poor,2020,1,20,0,4,0.6272554815370363,68.89
222.81,348.45,63.49,48.18,83.32,48.02,1.93,12.24,27.6,6.32,39.27,359.0,Very Poor,2020,1,21,1,4,0.6376019459150093,111.67
198.88,296.98,66.0,44.3,82.89,45.17,1.9,10.95,24.63,7.0,36.98,378.0,Very Poor,2020,1,22,2,4,0.6674273441170547,110.3
74.45,137.61,15.4,35.26,33.47,36.32,0.79,8.71,27.73,2.52,14.04,273.0,Poor,2020,1,23,3,4,0.5371185340163047,50.66
79.83,151.81,23.68,44.0,45.88,34.23,0.99,10.73,30.53,2.66,15.38,155.0,Moderate,2020,1,24,4,4,0.5224134546168444,67.68
136.72,240.57,58.83,56.31,84.2,41.37,1.48,12.36,26.8,4.62,26.36,251.0,Poor,2020,1,25,5,4,0.5659643167611872,115.14
201.2,309.09,74.63,50.94,95.06,48.8,2.09,12.81,32.7,5.87,33.9,349.0,Very Poor,2020,1,26,6,4,0.6488438840336677,125.57
209.97,330.91,89.41,67.09,116.25,53.66,2.19,14.72,26.6,5.97,36.87,365.0,Very Poor,2020,1,27,0,5,0.6326112500376607,156.5
104.45,149.12,17.85,42.01,37.97,42.76,1.26,11.12,23.29,3.2,18.44,302.0,Very Poor,2020,1,28,1,5,0.6957767119637623,59.86
77.95,134.17,30.9,42.24,48.65,38.01,1.24,9.85,23.96,3.1,20.67,218.0,Poor,2020,1,29,2,5,0.5766812162462086,73.14
91.56,168.43,30.79,45.04,50.9,36.77,1.08,10.06,24.23,3.49,19.83,195.0,Moderate,2020,1,30,3,5,0.5404001652599894,75.83
92.04,170.33,31.8,47.35,53.46,34.03,1.1,9.9,24.36,3.55,22.19,203.0,Poor,2020,1,31,4,5,0.5372088951146909,79.15
112.13,201.19,49.25,44.25,67.5,35.95,1.26,10.02,29.22,4.51,26.67,244.0,Poor,2020,2,1,5,5,0.5545773777140314,93.5
120.86,200.9,33.12,45.28,54.17,36.46,1.2,10.32,29.69,3.94,18.46,254.0,Poor,2020,2,2,6,5,0.5986131748390292,78.4
138.5,243.43,50.47,53.71,73.96,37.5,1.51,11.4,33.94,4.43,27.09,297.0,Poor,2020,2,3,0,6,0.5666243914413124,104.18
188.42,340.56,92.85,64.8,115.76,43.09,2.21,15.26,41.0,6.43,47.2,336.0,Very Poor,2020,2,4,1,6,0.5516453917320528,157.64999999999998
150.08,255.41,41.58,53.35,67.5,40.07,1.3,13.31,32.03,4.6,27.58,344.0,Very Poor,2020,2,5,2,6,0.5853125853125855,94.93
118.57,205.43,33.37,51.82,60.54,36.16,1.18,12.08,33.75,3.98,22.63,277.0,Poor,2020,2,6,3,6,0.5743835682798042,85.19
150.15,253.82,64.24,58.46,88.53,38.38,1.51,14.21,34.75,5.78,31.93,307.0,Very Poor,2020,2,7,4,6,0.5892394631504592,122.69999999999999
149.67,238.17,30.62,47.55,54.41,40.72,1.16,14.39,35.72,4.36,18.69,315.0,Very Poor,2020,2,8,5,6,0.6257891876071413,78.17
151.43,247.62,35.28,50.75,60.36,40.04,1.29,14.64,36.29,4.35,17.47,310.0,Very Poor,2020,2,9,6,6,0.6090821333762368,86.03
174.4,292.44,56.93,56.48,82.69,39.99,1.61,14.83,31.92,5.16,26.69,328.0,Very Poor,2020,2,10,0,7,0.5943293347873501,113.41
176.57,306.12,83.94,60.12,107.57,39.73,1.89,14.37,37.22,6.65,40.82,347.0,Very Poor,2020,2,11,1,7,0.5749218546496483,144.06
172.12,295.05,38.78,55.96,64.65,40.92,1.29,16.24,37.86,4.71,24.48,343.0,Very Poor,2020,2,12,2,7,0.5813882790069245,94.74000000000001
95.72,179.78,15.54,41.59,37.63,36.91,0.95,16.49,36.8,3.09,16.55,279.0,Poor,2020,2,13,3,7,0.5294833499280894,57.13
73.84,172.28,12.35,34.6,30.48,34.06,0.82,13.53,43.62,2.43,12.11,186.0,Moderate,2020,2,14,4,7,0.4261311172668514,46.95
83.07,174.78,18.16,44.57,41.54,32.48,0.91,17.59,42.21,2.93,17.62,174.0,Moderate,2020,2,15,5,7,0.47257936056434174,62.730000000000004
132.63,237.81,42.02,57.15,70.95,38.77,1.38,19.61,40.01,3.77,23.71,254.0,Poor,2020,2,16,6,7,0.5553787529835433,99.17
158.69,282.84,61.48,61.17,88.49,42.77,1.61,18.85,38.6,5.83,30.58,323.0,Very Poor,2020,2,17,0,8,0.5590825817361894,122.65
125.53,238.91,39.22,59.91,67.21,37.01,1.39,23.01,42.7,4.14,21.19,292.0,Poor,2020,2,18,1,8,0.5232378808719936,99.13
138.46,286.39,87.96,59.9,111.77,44.11,2.0,20.13,44.29,6.39,37.24,300.0,Poor,2020,2,19,2,8,0.48178433487595257,147.85999999999999
98.84,223.69,10.13,44.05,32.65,39.61,0.99,14.91,55.32,2.88,11.89,253.0,Poor,2020,2,20,3,8,0.43989496639814857,54.18
53.11,85.49,8.84,33.27,26.24,35.81,0.83,10.45,39.58,2.03,20.21,170.0,Moderate,2020,2,21,4,8,0.6140594288357035,42.11
63.62,123.44,29.86,41.23,50.12,33.46,1.2,13.38,32.03,2.8,23.92,104.0,Moderate,2020,2,22,5,8,0.5112504018000643,71.09
105.71,182.2,41.97,42.24,61.5,38.33,1.26,14.3,35.15,3.51,27.78,221.0,Poor,2020,2,23,6,8,0.5770196506550218,84.21000000000001
70.59,145.05,29.23,44.2,51.6,33.19,1.02,15.94,33.36,2.29,20.9,169.0,Moderate,2020,2,24,0,9,0.4833276275248203,73.43
127.75,224.02,27.87,46.76,52.38,39.61,1.22,18.24,35.32,3.12,18.7,244.0,Poor,2020,2,25,1,9,0.567727313127722,74.63
141.81,258.62,56.86,50.67,78.58,42.7,1.54,17.61,38.64,4.71,31.45,303.0,Very Poor,2020,2,26,2,9,0.5462214005084354,107.53
107.28,203.77,22.85,46.15,46.13,43.64,1.23,14.7,36.36,3.8,22.27,270.0,Poor,2020,2,27,3,9,0.5239048688772769,69.0
83.48,161.36,8.21,33.92,26.32,41.44,0.97,11.55,41.53,2.67,11.61,214.0,Poor,2020,2,28,4,9,0.5141660507514166,42.13
60.01,115.82,9.66,33.98,27.57,34.88,0.83,12.05,37.35,2.42,15.56,144.0,Moderate,2020,2,29,5,9,0.5136962848827256,43.64
42.83,91.88,20.57,40.73,41.36,31.4,0.97,12.19,39.84,2.18,22.27,105.0,Moderate,2020,3,1,6,9,0.46113264427217915,61.3
99.34,203.51,64.58,50.23,85.92,39.78,1.58,15.81,36.64,4.58,37.92,192.0,Moderate,2020,3,2,0,10,0.48574641826805537,114.81
86.26,188.73,50.52,46.6,71.98,37.02,1.22,15.48,32.39,3.98,39.09,226.0,Poor,2020,3,3,1,10,0.45464607600274076,97.12
82.9,193.79,40.18,45.62,60.78,37.32,1.1,16.22,41.77,3.57,28.32,200.0,Moderate,2020,3,4,2,10,0.4255865290826018,85.8
31.43,67.5,11.78,32.97,28.54,32.27,0.81,11.32,36.98,1.81,16.39,112.0,Moderate,2020,3,5,3,10,0.45883211678832114,44.75
21.32,38.5,12.55,33.71,29.75,29.56,0.87,10.42,33.52,1.47,14.94,82.0,Satisfactory,2020,3,6,4,10,0.539746835443038,46.260000000000005
40.96,85.45,17.41,35.53,34.85,29.01,0.82,11.84,35.47,1.95,21.14,77.0,Satisfactory,2020,3,7,5,10,0.4737998843262001,52.94
72.1,140.22,45.65,37.14,61.74,31.51,1.11,12.61,34.59,3.51,35.85,156.0,Moderate,2020,3,8,6,10,0.5105509134683472,82.78999999999999
58.04,133.75,18.86,32.29,34.79,29.29,0.75,13.33,34.54,1.91,17.48,138.0,Moderate,2020,3,9,0,11,0.4307235621521336,51.15
84.35,160.91,14.46,30.22,29.74,30.99,0.84,17.21,47.66,2.35,15.58,186.0,Moderate,2020,3,10,1,11,0.5209684392563769,44.68
55.19,112.57,10.1,29.76,24.99,32.88,0.76,13.82,42.36,1.96,12.04,128.0,Moderate,2020,3,11,2,11,0.4859557981861407,39.86
56.92,155.18,21.91,36.74,39.57,35.31,0.94,13.68,34.27,2.25,19.69,125.0,Moderate,2020,3,12,3,11,0.3644512741708285,58.650000000000006
68.72,209.02,29.31,40.53,49.0,31.36,0.87,15.42,37.42,2.63,24.39,170.0,Moderate,2020,3,13,4,11,0.3272069326730787,69.84
39.41,85.26,14.67,34.59,32.7,34.29,0.76,11.59,29.17,1.99,17.98,131.0,Moderate,2020,3,14,5,11,0.45687456526779496,49.260000000000005
60.99,124.24,26.33,41.09,46.69,31.09,0.9,13.92,37.25,2.43,23.4,124.0,Moderate,2020,3,15,6,11,0.48698498882146285,67.42
61.61,144.37,21.37,41.52,44.12,31.07,0.89,14.8,38.38,2.29,20.26,148.0,Moderate,2020,3,16,0,12,0.4238150925225287,62.89
69.7,160.15,26.05,43.5,48.87,32.31,1.0,15.06,40.59,2.65,20.92,164.0,Moderate,2020,3,17,1,12,0.43251628917157925,69.55
68.93,162.56,29.29,45.86,53.31,32.99,1.07,14.93,41.73,3.05,28.9,162.0,Moderate,2020,3,18,2,12,0.42143555881633654,75.15
90.62,195.15,37.81,45.67,59.24,36.15,1.14,17.66,43.16,3.37,33.51,191.0,Moderate,2020,3,19,3,12,0.46199337241906707,83.48
90.31,200.79,30.21,51.26,55.88,34.3,1.24,19.71,48.23,3.76,36.83,209.0,Poor,2020,3,20,4,12,0.44754447693146343,81.47
82.39,184.81,31.58,46.04,54.04,36.61,1.18,18.55,43.19,3.35,33.82,205.0,Poor,2020,3,21,5,12,0.44340993487971586,77.62
78.61,134.46,14.49,29.85,30.31,32.61,0.92,16.63,47.67,2.86,21.43,198.0,Moderate,2020,3,22,6,12,0.580318913332349,44.34
54.26,100.55,11.75,25.96,25.31,30.31,0.78,15.17,46.48,1.96,16.08,127.0,Moderate,2020,3,23,0,13,0.5343180699162974,37.71
55.85,103.62,12.3,27.07,26.48,31.91,0.81,15.81,38.23,2.53,16.24,124.0,Moderate,2020,3,24,1,13,0.5338367424966546,39.370000000000005
37.87,68.03,13.09,21.11,22.57,34.43,0.68,11.49,32.11,1.67,13.62,92.0,Satisfactory,2020,3,25,2,13,0.5486020570766333,34.2
45.69,75.81,9.02,16.58,17.41,33.68,0.58,12.82,30.59,1.38,8.88,93.0,Satisfactory,2020,3,26,3,13,0.5948444212993099,25.599999999999998
26.89,45.48,8.34,15.32,15.89,27.4,0.53,11.04,27.38,1.11,9.17,76.0,Satisfactory,2020,3,27,4,13,0.5785283993115319,23.66
21.23,34.15,9.87,17.52,18.34,25.22,0.54,10.28,25.06,1.07,9.76,51.0,Satisfactory,2020,3,28,5,13,0.6039829302987199,27.39
27.59,55.75,8.74,16.6,16.42,23.98,0.52,10.39,35.75,0.97,8.31,64.0,Satisfactory,2020,3,29,6,13,0.48616740088105725,25.340000000000003
35.08,64.66,8.29,17.52,16.62,23.21,0.58,12.47,40.26,1.08,9.0,74.0,Satisfactory,2020,3,30,0,14,0.534267438318611,25.81
35.31,67.01,9.36,18.03,18.01,26.5,0.56,12.33,40.96,1.06,8.98,81.0,Satisfactory,2020,3,31,1,14,0.5191883546537274,27.39
32.88,65.84,10.4,19.17,19.26,26.73,0.62,13.0,35.06,1.12,9.17,80.0,Satisfactory,2020,4,1,2,14,0.4919210053859964,29.57
28.51,61.06,9.91,17.18,17.72,22.22,0.6,10.84,39.47,0.91,7.85,78.0,Satisfactory,2020,4,2,3,14,0.4593941347083468,27.09
31.36,62.69,9.29,20.07,19.33,21.54,0.61,11.99,46.82,1.13,8.6,84.0,Satisfactory,2020,4,3,4,14,0.4923849897943162,29.36
40.79,77.64,10.07,22.38,21.19,23.06,0.68,12.59,41.26,1.3,9.64,90.0,Satisfactory,2020,4,4,5,14,0.5186927772126144,32.45
51.79,96.88,10.99,24.42,22.78,25.14,0.81,16.03,44.55,1.74,12.38,103.0,Moderate,2020,4,5,6,14,0.5291172864732325,35.410000000000004
59.91,114.88,11.05,24.37,22.68,26.41,0.81,15.59,44.16,2.04,12.8,134.0,Moderate,2020,4,6,0,15,0.5170003451846737,35.42
33.12,94.02,8.5,19.27,17.38,25.53,0.6,13.46,42.65,1.01,9.13,100.0,Satisfactory,2020,4,7,1,15,0.34855819827404755,27.77
29.7,79.04,8.38,18.56,16.51,23.41,0.56,12.85,45.8,0.99,8.24,91.0,Satisfactory,2020,4,8,2,15,0.3710644677661169,26.939999999999998
36.13,76.32,8.49,21.37,18.16,23.84,0.66,14.2,48.34,1.11,7.52,89.0,Satisfactory,2020,4,9,3,15,0.4672788411795138,29.86
57.67,112.93,9.8,27.12,23.3,27.71,0.81,16.32,40.36,1.79,11.45,111.0,Moderate,2020,4,10,4,15,0.5061880101816905,36.92
53.03,118.1,9.54,23.64,21.9,28.33,0.83,18.38,49.51,1.88,11.18,126.0,Moderate,2020,4,11,5,15,0.4452560873215785,33.18
38.57,92.7,5.48,17.59,14.66,26.99,0.67,15.7,50.15,1.19,6.87,102.0,Moderate,2020,4,12,6,15,0.41163287086446104,23.07
60.6,136.77,7.16,23.4,19.83,27.95,0.83,19.86,41.07,1.78,9.62,119.0,Moderate,2020,4,13,0,16,0.4398635406837483,30.56
58.22,144.7,8.83,25.71,22.96,28.76,0.93,17.38,40.74,2.04,13.12,134.0,Moderate,2020,4,14,1,16,0.3995881949210707,34.54
58.31,190.98,10.37,24.55,24.05,28.36,0.93,14.89,38.22,2.36,11.89,152.0,Moderate,2020,4,15,2,16,0.30372955516199607,34.92
69.8,191.17,11.86,25.01,25.66,30.36,0.94,19.42,41.87,2.4,13.75,172.0,Moderate,2020,4,16,3,16,0.3632200655669459,36.870000000000005
26.93,89.58,8.12,15.83,16.95,26.06,0.64,14.08,53.53,1.07,7.79,123.0,Moderate,2020,4,17,4,16,0.29730624862000443,23.95
29.09,102.53,8.45,15.45,17.02,27.18,0.68,12.63,49.14,1.19,7.55,102.0,Moderate,2020,4,18,5,16,0.28098135806046554,23.9
35.49,73.86,10.13,19.72,20.82,29.94,0.71,13.17,40.53,1.29,9.46,95.0,Satisfactory,2020,4,19,6,16,0.47408495858936683,29.85
52.86,113.25,12.38,24.56,25.55,31.57,1.02,15.06,32.67,2.37,15.52,115.0,Moderate,2020,4,20,0,17,0.4626695842450766,36.94
37.17,87.27,8.89,19.64,19.57,29.75,0.82,15.36,48.56,1.48,8.92,102.0,Moderate,2020,4,21,1,17,0.42109436954797785,28.53
58.25,130.99,10.78,24.79,24.17,29.39,0.86,17.34,46.94,2.03,13.9,122.0,Moderate,2020,4,22,2,17,0.44132131222062276,35.57
54.71,127.82,9.42,24.83,22.92,30.02,0.91,17.39,43.99,2.8,17.19,129.0,Moderate,2020,4,23,3,17,0.4247011333643844,34.25
65.91,138.46,11.0,25.62,24.87,32.62,0.99,18.62,47.98,2.57,13.43,143.0,Moderate,2020,4,24,4,17,0.4726086332998709,36.620000000000005
33.09,85.83,9.6,18.68,19.91,28.65,0.75,12.76,54.53,1.13,8.55,121.0,Moderate,2020,4,25,5,17,0.38108948520096747,28.28
40.24,117.1,8.42,17.45,17.77,31.61,0.77,16.21,47.16,1.68,8.42,119.0,Moderate,2020,4,26,6,17,0.34072819644369184,25.869999999999997
27.18,53.02,8.28,14.8,16.38,29.94,0.76,15.59,53.43,1.24,6.39,98.0,Satisfactory,2020,4,27,0,18,0.5031469825990373,23.08
41.75,80.36,10.32,17.35,20.03,28.6,0.86,17.6,58.96,1.7,8.3,105.0,Moderate,2020,4,28,1,18,0.5131514257620452,27.67
55.18,114.91,12.66,20.11,22.66,28.86,0.91,19.08,58.57,2.03,13.02,123.0,Moderate,2020,4,29,2,18,0.47605901130187217,32.769999999999996
49.96,115.63,12.73,17.61,20.45,32.99,0.84,17.42,59.55,1.68,9.27,128.0,Moderate,2020,4,30,3,18,0.42836319986281407,30.34
61.04,143.11,11.8,18.46,20.45,36.43,0.89,17.52,56.81,1.96,11.92,140.0,Moderate,2020,5,1,4,18,0.4235653320380265,30.26
34.67,107.36,12.81,14.36,19.49,33.93,0.76,13.0,60.45,1.19,6.42,127.0,Moderate,2020,5,2,5,18,0.31995201181247696,27.17
32.56,83.02,12.72,15.14,21.57,32.48,0.68,11.94,49.04,1.31,7.51,110.0,Moderate,2020,5,3,6,18,0.38752677933825286,27.86
26.63,60.59,12.86,16.95,20.79,31.35,0.72,11.92,50.56,1.14,9.98,92.0,Satisfactory,2020,5,4,0,19,0.4323753856145478,29.81
56.24,115.91,13.93,21.36,24.06,30.86,0.87,16.4,52.12,2.0,14.92,117.0,Moderate,2020,5,5,1,19,0.4810538020699684,35.29
58.44,169.61,13.75,21.88,25.58,29.53,0.89,15.78,53.95,2.04,13.31,139.0,Moderate,2020,5,6,2,19,0.3425356075259363,35.629999999999995
36.02,88.35,10.31,17.97,18.92,25.51,0.73,13.6,73.11,1.46,10.18,140.0,Moderate,2020,5,7,3,19,0.4031337437045328,28.28
51.09,120.82,10.02,21.66,20.69,27.98,0.83,13.82,74.28,1.69,13.41,138.0,Moderate,2020,5,8,4,19,0.4193892628468232,31.68
54.18,126.9,9.47,17.65,19.17,30.14,0.85,13.33,76.32,1.61,11.66,142.0,Moderate,2020,5,9,5,19,0.4236121970289288,27.119999999999997
44.3,110.39,5.21,16.46,14.47,28.71,0.74,12.02,63.71,1.3,9.23,127.0,Moderate,2020,5,10,6,19,0.3977017685609121,21.67
43.26,93.49,4.8,19.53,15.6,28.13,0.76,12.66,64.6,1.55,10.63,113.0,Moderate,2020,5,11,0,20,0.4578262249973542,24.330000000000002
43.19,94.4,4.42,18.49,14.62,29.43,0.75,13.84,64.1,1.5,12.68,122.0,Moderate,2020,5,12,1,20,0.4527253668763102,22.909999999999997
68.8,159.2,5.09,21.34,16.74,32.29,0.9,15.41,52.2,1.81,14.78,132.0,Moderate,2020,5,13,2,20,0.42946317103620474,26.43
56.17,126.53,9.04,25.12,21.86,30.82,0.89,12.92,50.22,1.69,14.93,154.0,Moderate,2020,5,14,3,20,0.44044538539951383,34.16
47.44,101.93,6.76,23.45,18.9,27.39,0.84,13.71,53.08,1.41,12.6,125.0,Moderate,2020,5,15,4,20,0.4608957543961915,30.21
81.87,151.8,6.11,26.17,19.89,27.62,0.99,16.19,63.12,1.61,11.64,175.0,Moderate,2020,5,16,5,20,0.5357984293193717,32.28
98.63,187.24,9.24,31.96,26.01,28.76,1.06,20.19,59.79,2.07,15.58,202.0,Poor,2020,5,17,6,20,0.5239587760305991,41.2
101.02,192.68,11.31,34.76,29.28,28.97,1.12,22.11,53.55,2.42,17.66,222.0,Poor,2020,5,18,0,21,0.5215819909128458,46.07
106.63,208.65,16.68,42.67,38.49,30.58,1.31,20.41,57.05,2.75,23.02,238.0,Poor,2020,5,19,1,21,0.508609587407584,59.35
67.8,155.41,8.79,32.8,25.93,28.73,1.03,18.96,62.34,1.92,15.99,196.0,Moderate,2020,5,20,2,21,0.4334761204526565,41.589999999999996
55.92,163.77,9.67,31.36,25.81,25.55,1.09,18.99,62.56,1.72,15.2,149.0,Moderate,2020,5,21,3,21,0.33938216908417795,41.03
94.37,213.47,17.16,45.36,40.17,28.56,1.31,26.05,55.45,2.96,26.42,199.0,Moderate,2020,5,22,4,21,0.4400149205017019,62.519999999999996
74.92,209.49,16.74,42.43,37.85,28.82,1.16,17.05,41.87,2.77,28.72,202.0,Poor,2020,5,23,5,21,0.35593139816618363,59.17
55.37,179.3,8.13,27.35,21.76,26.54,0.87,17.11,53.31,1.76,15.43,174.0,Moderate,2020,5,24,6,21,0.30709927897947864,35.480000000000004
61.46,162.41,9.3,30.92,25.0,27.22,0.94,21.3,54.74,1.88,13.82,157.0,Moderate,2020,5,25,0,22,0.3761091732452114,40.22
55.38,190.11,19.09,37.79,37.41,27.06,1.1,16.82,38.73,2.51,24.05,153.0,Moderate,2020,5,26,1,22,0.28978075453927055,56.879999999999995
43.22,161.76,7.58,26.95,21.37,25.79,0.83,14.49,66.77,1.7,16.71,156.0,Moderate,2020,5,27,2,22,0.26554435979356106,34.53
39.07,229.55,4.89,17.1,13.26,29.02,0.8,11.68,55.92,1.11,7.56,174.0,Moderate,2020,5,28,3,22,0.1694643244415528,21.990000000000002
24.62,66.66,5.14,19.02,14.69,32.19,0.77,9.95,47.48,1.1,10.48,129.0,Moderate,2020,5,29,4,22,0.3638782146024239,24.16
23.09,53.19,5.04,18.51,14.11,36.19,0.84,9.95,50.29,0.95,7.61,84.0,Satisfactory,2020,5,30,5,22,0.42609337516146895,23.55
21.51,40.43,5.02,17.05,13.15,34.91,0.84,9.06,42.29,1.05,9.05,80.0,Satisfactory,2020,5,31,6,22,0.5191889934829834,22.07
41.05,80.47,5.87,22.99,17.6,35.0,0.96,14.02,50.57,1.94,16.96,100.0,Satisfactory,2020,6,1,0,23,0.5038664539094145,28.86
45.9,98.32,7.25,24.78,19.94,35.78,0.92,12.71,50.06,1.75,21.26,123.0,Moderate,2020,6,2,1,23,0.46214256947241245,32.03
50.62,114.01,7.07,28.02,21.64,36.05,0.9,15.91,52.16,1.93,20.14,123.0,Moderate,2020,6,3,2,23,0.4401356403790974,35.09
68.24,143.79,11.87,34.11,29.57,38.85,1.09,17.97,39.14,2.79,29.63,144.0,Moderate,2020,6,4,3,23,0.47130326680019335,45.98
42.43,87.05,7.6,25.87,20.45,35.51,0.87,12.46,44.83,2.0,18.02,126.0,Moderate,2020,6,5,4,23,0.481885292447473,33.47
35.14,80.49,5.85,21.25,16.37,31.81,0.82,10.69,51.46,1.6,11.45,102.0,Moderate,2020,6,6,5,23,0.4312185544238557,27.1
39.99,91.17,6.5,22.65,17.92,30.79,0.86,11.89,45.4,1.82,17.23,104.0,Moderate,2020,6,7,6,23,0.43387219268742544,29.15
46.9,103.27,7.94,25.81,21.44,31.81,0.94,15.78,51.77,1.99,20.22,112.0,Moderate,2020,6,8,0,24,0.44979380454589046,33.75
64.77,148.67,11.04,32.01,28.36,33.83,1.01,15.06,49.14,2.23,27.6,138.0,Moderate,2020,6,9,1,24,0.43275205451994386,43.05
58.9,156.29,16.38,34.31,35.09,33.27,1.03,14.12,40.8,2.17,24.61,154.0,Moderate,2020,6,10,2,24,0.3744675440269566,50.69
54.69,134.36,12.37,30.94,30.0,36.54,0.91,12.74,40.63,1.84,22.43,142.0,Moderate,2020,6,11,3,24,0.40403368794326233,43.31
64.0,152.7,12.41,30.05,29.74,38.64,1.06,12.9,43.37,2.16,19.86,152.0,Moderate,2020,6,12,4,24,0.4163955757970072,42.46
52.36,129.33,8.9,25.46,22.93,36.62,0.95,10.59,34.95,2.09,17.4,132.0,Moderate,2020,6,13,5,24,0.40174940535563564,34.36
71.08,150.28,8.19,26.01,22.01,40.0,1.04,13.57,38.86,2.42,23.32,147.0,Moderate,2020,6,14,6,24,0.4698572184029614,34.2
48.69,120.23,7.8,25.95,21.79,35.38,0.88,12.57,48.39,1.9,16.58,130.0,Moderate,2020,6,15,0,25,0.40163325909428355,33.75
39.87,107.99,7.35,24.58,19.98,32.62,0.88,12.08,51.4,1.99,19.29,126.0,Moderate,2020,6,16,1,25,0.365813377374071,31.93
34.35,92.58,5.47,16.94,14.73,29.4,0.78,10.84,48.72,1.55,14.6,110.0,Moderate,2020,6,17,2,25,0.36706561231032275,22.41
36.84,100.62,6.02,18.32,15.69,28.68,0.82,12.19,47.98,1.5,12.01,107.0,Moderate,2020,6,18,3,25,0.36252706160204684,24.34
57.6,205.56,6.58,17.78,15.57,27.96,0.86,11.98,40.95,1.69,14.04,132.0,Moderate,2020,6,19,4,25,0.278853601859024,24.36
35.96,108.73,6.53,20.37,17.92,26.38,0.8,10.98,36.24,1.42,14.47,158.0,Moderate,2020,6,20,5,25,0.3277134785382302,26.900000000000002
39.7,95.63,7.21,23.7,19.89,28.84,0.85,11.71,33.92,1.51,17.57,105.0,Moderate,2020,6,21,6,25,0.41084549311807933,30.91
39.47,77.48,5.67,20.61,17.46,34.32,0.91,11.08,42.76,1.54,18.47,104.0,Moderate,2020,6,22,0,26,0.5029306829765545,26.28
29.02,64.12,6.22,16.39,15.33,33.32,0.88,11.09,28.64,1.25,12.99,85.0,Satisfactory,2020,6,23,1,26,0.4456388206388206,22.61
30.91,62.61,6.63,16.84,15.72,31.45,0.89,11.02,24.77,1.28,12.13,71.0,Satisfactory,2020,6,24,2,26,0.4859298852381701,23.47
38.37,77.76,9.33,21.41,21.17,30.48,1.02,11.28,25.92,1.59,19.18,86.0,Satisfactory,2020,6,25,3,26,0.48717623158963935,30.740000000000002
50.01,112.08,9.67,22.06,21.75,32.64,1.01,11.66,24.82,2.07,23.31,104.0,Moderate,2020,6,26,4,26,0.44225327201980896,31.729999999999997
39.8,155.94,10.88,21.46,22.47,31.43,0.87,10.38,18.88,1.69,19.99,112.0,Moderate,2020,6,27,5,26,0.2536001019497897,32.34
59.52,308.65,12.67,21.6,23.86,29.27,0.94,10.7,18.05,1.71,25.13,196.0,Moderate,2020,6,28,6,26,0.19221701921524303,34.27
44.86,184.12,10.5,21.57,21.94,27.97,0.88,11.58,26.61,2.13,23.8,233.0,Poor,2020,6,29,0,27,0.24232929991356958,32.07
39.8,91.98,5.99,17.96,15.44,28.48,0.84,10.51,37.29,1.57,16.37,114.0,Moderate,2020,6,30,1,27,0.42804904280490425,23.950000000000003
54.01,128.66,6.33,21.05,16.81,29.06,0.97,11.15,29.73,2.03,23.57,101.0,Moderate,2020,7,1,2,27,0.4165509794848064,27.380000000000003
